source,department,category_path,category_name,category_node,category_url,asin,rank_on_page,page_asin_count,title,brand,price,rating,review_count,bullet_1,bullet_2,bullet_3,bullet_4,bullet_5,image_url,local_image,product_url,bsr_text,fetch_status,detail_status,detail_error
New Releases,Electronics,Electronics,Electronics,electronics,https://www.amazon.com/gp/new-releases/electronics,B0GJTFXNRX,1,31,"Apple AirTag (2nd Generation): Tracker for Keychain, Wallet, and More; Locator with Sound; Simple One-Tap Setup with iPhone or iPad; Key Finder with up to 1.5X Precision Finding Range",Visit the Apple Store,$29.00,4.6,"3,673",FIND YOUR ITEMS ON FIND MY — AirTag (2nd generation) helps you keep track of what matters. Attach one to an item you want to keep track of using the Find My app.*,"EXPANDED PRECISION FINDING ON IPHONE AND APPLE WATCH — Get step-by-step directions to your lost item on iPhone and, now, Apple Watch.*","ENHANCED SPEAKER — With a 50% louder speaker and a new, distinctive chime, it’s easier than ever to hear and find AirTag.*",PING FROM FAR AND WIDE — Upgraded Ultra Wideband and Bluetooth chips allow you to find your items from even farther away than ever before.*,"SHARE ITEM LOCATION — Share AirTag location access temporarily and securely with trusted contacts, third parties, or over 50 airline partners if you lose something important.",https://m.media-amazon.com/images/I/61Qd9Z9caRL._AC_SX342_.jpg,data/amazon_3c/bsr_new_releases/images/B0GJTFXNRX.jpg,https://www.amazon.com/dp/B0GJTFXNRX,,ok,ok,
New Releases,Computers & Accessories,Computers & Accessories,Computers & Accessories,pc,https://www.amazon.com/gp/new-releases/pc,B0GR6FHGXX,1,31,"Apple 2026 MacBook Neo 13-inch Laptop with A18 Pro chip: Built for AI and Apple Intelligence, Liquid Retina Display, 8GB Unified Memory, 256GB SSD Storage, 1080p FaceTime HD Camera; Indigo",Visit the Apple Store,$589.00,4.7,407,"HELLO, MACBOOK NEO — Ready for whatever your day brings, MacBook Neo flies through everyday tasks and apps. Choose from four stunning colors in a durable aluminum design. With a brilliant 13-inch Liquid Retina display,* the A18 Pro chip built for AI and Apple Intelligence,* and up to 16 hours of battery life,* it’s an amazing Mac at a surprising price.","THE MOST COLORFUL MACBOOK LINEUP EVER — Choose from Silver, Blush, Citrus, or Indigo — each with a color-coordinated keyboard to complete the look. And with a durable aluminum design, MacBook Neo is built to go wherever you go.","POWER FOR EVERYDAY TASKS — Ready the moment you open it, MacBook Neo with the A18 Pro chip delivers the performance and AI capabilities you need to get things done, whether you’re editing family photos, powering through spreadsheets, using AI to summarize class notes, or playing the latest Apple Arcade game.*","UP TO 16 HOURS OF BATTERY LIFE — With all-day battery life, MacBook Neo is equipped to go the distance for everyday users and students — from early-morning classes to late-night study sessions.","A BRILLIANT 13-INCH DISPLAY — Feast your eyes on the gorgeous Liquid Retina display. A 2408-by-1506 resolution, up to 500 nits of brightness, and support for a billion colors provide vivid images and crisp text.",https://m.media-amazon.com/images/I/619PNoEsnSL._AC_SX342_.jpg,data/amazon_3c/bsr_new_releases/images/B0GR6FHGXX.jpg,https://www.amazon.com/dp/B0GR6FHGXX,,ok,ok,
New Releases,Cell Phones & Accessories,Cell Phones & Accessories,Cell Phones & Accessories,wireless,https://www.amazon.com/gp/new-releases/wireless,B0G4SWDH8P,1,31,"Samsung Galaxy S26 Ultra, Unlocked Android Smartphone, 256GB, Privacy Display, Galaxy AI, AI Camera, Super Fast Charging 3.0, Durable Battery, 2026, US 1 Year Warranty, Black",,"$1,049.99",4.6,840,"PRIVACY DISPLAY: Automatically hide your screen from those beside you. The built-in privacy display can be preset¹ to turn on when receiving notifications, typing passwords, or using specific apps","TYPE IT IN. TRANSFORM IT FAST: Enhance any shot in seconds on your smartphone by using Photo Assist² with Galaxy AI.³ Add objects, restore details, or apply new styles by simply typing or tapping","NIGHTS, CAPTURED CLEARLY: From gigs to city lights, record and capture moments after dark with clarity using Nightography so your photos and videos stay crisp and clear on your Samsung Galaxy","MAKE IT. EDIT IT. SHARE IT: Turn everyday moments into something personal with creative tools built right into your mobile phone, whether it’s a special contact photo, custom wallpaper, an invitation or more⁴",HELP THAT KEEPS UP: Stay in the moment while Now Nudge with Galaxy AI helps you respond faster and stay organized with smart suggestions⁵ that appear exactly when you need them on your phone,https://m.media-amazon.com/images/I/61UnzIc+97L._AC_SX342_.jpg,data/amazon_3c/bsr_new_releases/images/B0G4SWDH8P.jpg,https://www.amazon.com/dp/B0G4SWDH8P,,ok,ok,
New Releases,Camera & Photo,Camera & Photo,Camera & Photo,photo,https://www.amazon.com/gp/new-releases/photo,B0GT4LVKLZ,1,31,Monocular Telescope 80x100 High Powered Monoculars High Definition for Adults High Powered with Smartphone Adapter Telescope Wildlife Bird Watching Travel Camping Hiking Green,Visit the ASxmhGo Store,$59.99,4.8,59,"80x100 High Power Monocular: The 80x magnification and 100mm objective lens diameter means less shake. Get a high-quality image of 80x closer, 100mm object lens diameter monocular that provides a wide-angle view. The Monocular Brings you exceptional quality, truly sharp images and fast focusing","Excellent Optical System: HD monocular with high-quality optics, BAK-4 prism, light transmittance reaches up to 99.5%, delivers more light to the view, reduces chromatic aberration and ghost images, and gives you a clear, bright, and more colourful vision","Portable And Lightweight: The monoculars for adults have the compact size and weight of a smartphone, come with a hand strap for handy to carry around. Specially designed for hiking, climbing, hunting, bird watching, ball games, concerts, wildlife watching and scenery","Compact Monocular: This monocular features a compact and high-quality precision design. By adjusting the eye cup and focus wheel, you can clearly see the distant scenery. Equipped with a phone bracket and a retractable tripod to match various smartphones, easy to install","High Quality Monocular: Includes a handheld monocular telescope, tripod, phone holder, hand strap, lens covers, cloth bag, and user manual. The twist-up eyecup makes these high-end monoculars more comfortable for viewing by everyone and much easier to utilise for those who wear glasses. Excellent for Outdoor Enthusiasts and Wilderness Explorers",https://m.media-amazon.com/images/I/71U0ChcjTBL._AC_SY355_.jpg,data/amazon_3c/bsr_new_releases/images/B0GT4LVKLZ.jpg,https://www.amazon.com/dp/B0GT4LVKLZ,,ok,ok,
New Releases,Video Games,Video Games,Video Games,videogames,https://www.amazon.com/gp/new-releases/videogames,B0GKJB6G12,1,31,Tomodachi Life: Living the Dream,,$59.88,4.8,566,Populate your island with Mii characters and watch them come to life,"Base your Mii characters on family and friends, or whatever you want—and customizer, including some face customization options you haven’t seen before",Pick your Mii characters up and place them near each other to chat and hang out,"Help your Mii characters explore likes and dislikes, find relationships, and get up to all sorts of fun","Give Mii characters clothes, food, items, and life advice as they deal with all kinds of situations",https://m.media-amazon.com/images/I/81TbBqrZ9AL._SY445_.jpg,data/amazon_3c/bsr_new_releases/images/B0GKJB6G12.jpg,https://www.amazon.com/dp/B0GKJB6G12,"Best Sellers Rank #8 in Video Games ( See Top 100 in Video Games ) #1 in Nintendo Switch Games Product Dimensions 6.69 x 4.13 x 0.51 inches; 1.92 ounces Type of item Video Game Language English Rated Everyone Item model number HACPBLFGA Item Weight 1.92 ounces Manufacturer Nintendo Date First Available January 29, 2026",ok,ok,
New Releases,Electronics,Electronics > Accessories & Supplies,Accessories & Supplies,ref=zg_bsnr_nav_electronics_1,https://www.amazon.com/gp/new-releases/electronics/281407/ref=zg_bsnr_nav_electronics_1,B0G1PJLWLZ,2,31,"Samsung Galaxy Buds 4 Pro (2026) AI True Wireless Bluetooth Earbuds, Hi-Res Audio, 2-Way Speaker, ANC 2.0, Optimized Comfort, IP57, Live Translation, Black [US Version, 2 Yr Warranty]",,$249.99,4.6,546,"EXCEPTIONAL AUDIO: Catch details like never before. Designed with a High-Res Audio¹ 24-bit hi-fi codec, the latest Galaxy earbuds maintain the integrity of your favorite audio over Bluetooth.","TWO-WAY SPEAKER: Enjoy every audio experience to the fullest with two speakers in both Buds, including a tweeter for rich highs and a woofer for deep, full lows.",HD VOICE: Enjoy clear phone calls with Galaxy Buds4 Pro and Galaxy S26 Series² —they work together to deliver crisp and clear conversations.,"ANC 2.0: Wherever you go, Adaptive Active Noise Cancellation 2.0³ intelligently adapts in real time to provide stronger, smoother noise cancellation wherever you go.","OPTIMIZED COMFORT: Enjoy that just-right fit, with an improved, ear-hugging design and changeable ear tips.",https://m.media-amazon.com/images/I/51QEHqsjzPL._AC_SX342_.jpg,data/amazon_3c/bsr_new_releases/images/B0G1PJLWLZ.jpg,https://www.amazon.com/dp/B0G1PJLWLZ,,ok,ok,
New Releases,Electronics,Electronics > Camera & Photo,Camera & Photo,ref=zg_bsnr_nav_electronics_1,https://www.amazon.com/gp/new-releases/electronics/502394/ref=zg_bsnr_nav_electronics_1,B0H14ZBX3M,1,31,"1pcs Only 0.9 inch Hidden Camera with Audio/Video Mini Small Spy Home Indoor Night Vision Motion Detection Baby Monitor Wireless Outdoor Nanny WiFi espias Security Secret (1, Black, mini)",Brand: RFAWKNG,$29.80,4.2,32,"【Crystal-Clear HD Imaging】This discreet hidden camera delivers sharp 4k HD video, capturing every detail with impressive clarity. Built-in infrared LEDs automatically activate in low-light conditions, seamlessly switching to night vision mode. Even in near darkness, the high-output IR lights ensure you still get smooth, high-definition footage.","【Smart Motion Alerts】Equipped with intelligent, long-lasting motion detection, this spy cam springs into action the moment it senses movement. As soon as something—or someone—enters the frame, it starts recording and instantly pushes a real-time alert with a snapshot to your smartphone app. That way, you’re always aware of what’s happening at home, whether it’s your kids, pets, or unexpected visitors.","【Simple Setup, Flexible Power】No wiring needed—this wireless indoor camera is ready to go right out of the box. It connects to your phone via a personal Wi-Fi hotspot within a range of 33–49 feet. A built-in high-capacity battery offers up to 2.5 hours of continuous standby time. For longer use, just plug it into any USB power source—like a car charger, wall adapter, or portable power bank—and keep it running indefinitely.","【Dual Storage Options】Store your footage your way. The hidden camera supports local storage via a microSD (TF) card—expandable up to 128GB—and also syncs recordings directly to your mobile app. Connect your phone to the camera’s hotspot to watch live streams or review past clips anytime. Plus, with loop recording enabled, once the memory card fills up, the newest files automatically replace the oldest ones—so you never lose critical moments.","【Versatile for Any Situation】From home security and office monitoring to retail surveillance or adventure logging—this compact wireless HD camera adapts to your lifestyle. Use it to deter theft, supervise caregivers, document road trips, or even capture your extreme sports sessions. Wherever you are, as long as you’ve got an internet connection, you can check in on live footage anytime, anywhere.",https://m.media-amazon.com/images/I/51+Jc-IlwBL._AC_SY355_.jpg,data/amazon_3c/bsr_new_releases/images/B0H14ZBX3M.jpg,https://www.amazon.com/dp/B0H14ZBX3M,,ok,ok,
New Releases,Electronics,Electronics > Car Electronics,Car Electronics,ref=zg_bsnr_nav_electronics_1,https://www.amazon.com/gp/new-releases/electronics/1077068/ref=zg_bsnr_nav_electronics_1,B0GWTQNVCV,1,31,"4 Channel 360° Dash Cam Front Rear Inside and Left Right, 4K+1080P*3 FHD Car Camera, 5GHz WiFi and App Control, 24H Parking Mode, 8 IR Lamps Night Vision, Includes 64GB SD Card, Black",Visit the XYGCACO Store,$69.99,5.0,22,"【𝟑𝟔𝟎° 𝐀𝐥𝐥 𝐒𝐢𝐝𝐞𝐬 𝐃𝐚𝐬𝐡 𝐂𝐚𝐦 𝟒 𝐂𝐡𝐚𝐧𝐧𝐞𝐥】 Our 4-channel dash cam features a 3"" IPS screen that synchronizes four lenses to record the front, rear, left, and right sides of your vehicle simultaneously in high definition. With a crisp 4K front camera and three adjustable 1080P lenses, it captures every critical detail, eliminates all blind spots, and gives you complete peace of mind on the road.","【𝐋𝐨𝐨𝐩 𝐑𝐞𝐜𝐨𝐫𝐝𝐢𝐧𝐠 & 𝐆-𝐒𝐞𝐧𝐬𝐨𝐫 𝐃𝐚𝐬𝐡𝐜𝐚𝐦𝐬】 This dash cam comes with a pre-installed 64GB memory card, ready to record instantly. Loop recording ensures continuous footage. The built-in G-sensor automatically detects sudden shakes or collisions and locks the footage to prevent it from being overwritten, even during loop recording. When an incident is detected on the road, the relevant footage is automatically locked and protected.","【𝟓𝐆𝐇𝐳 𝐖𝐢𝐅𝐢 & 𝐆𝐏𝐒 𝐚𝐧𝐝 𝐀𝐩𝐩 𝐂𝐨𝐧𝐭𝐫𝐨𝐥】 Our car dash camera features dual-band 5GHz WiFi and GPS, allowing you to instantly view and manage recordings on iOS or Android devices via the Viidure App. You can visually trace your vehicle's path, ensuring that the exact location of any incident is documented. Easily download recorded videos or photos to your phone at high speed and share them on social media, with friends, family, or insurance companies.","【𝐒𝐮𝐩𝐞𝐫 𝐍𝐢𝐠𝐡𝐭 𝐕𝐢𝐬𝐢𝐨𝐧 & 𝐖𝐃𝐑 𝐓𝐞𝐜𝐡𝐧𝐨𝐥𝐨𝐠𝐲】 This D65 dashcam is equipped with 8 LED infrared lights and Wide Dynamic Range (WDR) to prevent overexposure caused by headlights. The F1.6 aperture and auto-adjustment balance low light or overexposed scenes. It detects sudden changes in brightness and automatically adjusts for clear recording. WDR optimizes exposure and contrast to capture balanced images, even in challenging lighting environments.","【𝟐𝟒 𝐇𝐨𝐮𝐫𝐬 𝐏𝐚𝐫𝐤𝐢𝐧𝐠 𝐌𝐨𝐝𝐞】 When you park and turn off your vehicle, the 4-channel dash cam automatically switches to parking mode, enabling 24-hour surveillance recording. The front sensor monitors objects within 3–4 meters approaching the car. With a 5-second quick start, the camera automatically records a 1-minute video, providing 24/7 protection for your car. Please note that the parking monitoring function requires the separate purchase of a hardwire kit.",https://m.media-amazon.com/images/I/714n9s9LF7L._AC_SX342_.jpg,data/amazon_3c/bsr_new_releases/images/B0GWTQNVCV.jpg,https://www.amazon.com/dp/B0GWTQNVCV,,ok,ok,
New Releases,Electronics,Electronics > Cell Phones & Accessories,Cell Phones & Accessories,ref=zg_bsnr_nav_electronics_1,https://www.amazon.com/gp/new-releases/electronics/2811119011/ref=zg_bsnr_nav_electronics_1,B0GQ6VV79M,4,31,"The Brick Phone Access Blocker Device for Cell Phones - Subscription-Free Phone Lock, Limits Smartphone Access, Reduces Screen Time & Improves Focus - High-Grade Magnet & Anti-Slip Silicone",Visit the BRICK Store,$65.00,4.6,80,"Take Back Control of Your Screen Time: Brick is a physical device that temporarily removes distracting apps and their notifications from your phone by creating real world friction. When you're ready to reconnect, return to your brick and tap to unblock your apps. Includes 1 grey Brick.","Effortless Control: Brick is subscription-free and includes lifetime access to the Brick app at no additional cost. No complex setups, just more time for what matters.","How to Use: Open the Brick app and choose which apps or websites you want to block. Tap your phone to the Brick to activate it and turn your phone back into a tool that supports your goals. When you're ready to reconnect, simply tap again to regain access.","Custom Modes: Create custom modes for different parts of your day — each with its own set of blocked apps. Boost productivity in Work mode, study without distractions in School mode, and be present at home in Family Time mode.","Track Usage: Make digital health a daily habit. As soon as your phone is Bricked, a timer starts tracking how long you are staying focused for. You can monitor your Brick activity such as hours spent Bricked or daily average Bricked time in the app.",https://m.media-amazon.com/images/I/61GCi+LaRmL._AC_SX342_.jpg,data/amazon_3c/bsr_new_releases/images/B0GQ6VV79M.jpg,https://www.amazon.com/dp/B0GQ6VV79M,"Best Sellers Rank #316 in Cell Phones & Accessories ( See Top 100 in Cell Phones & Accessories ) #375 in Cell Phone Accessories Other display features Wireless Whats in the box 1-Brick Manufacturer Brick Date First Available March 16, 2026",ok,ok,
New Releases,Electronics,Electronics > Computers & Accessories,Computers & Accessories,ref=zg_bsnr_nav_electronics_1,https://www.amazon.com/gp/new-releases/electronics/541966/ref=zg_bsnr_nav_electronics_1,B0G1MRLXMV,2,31,"Anker Smart Display Charger, Anker Nano USB C Charger Block, 45W Max GaN Phone Charger,180° Foldable Plug,Smart Recognition,Built-in Care Mode,for iPhone17/16/15(Non-Battery,One USB-C Port,No Cable)",,$29.99,4.8,"2,857","Smart iPhone Recognition with Care Mode: Automatically recognizes supported iPhone models and adjusts charging for smarter, safer power delivery. Compatible only with iPhone 17 / 16 / 15 series, 11"" iPad Pro (2024 / 2023 / 2021 / 2020), 12.9"" iPad Pro (2022 / 2021 / 2020), and 13"" iPad Pro (2024).Excluding iPhone 17e.",45W Max Fast Charging with Smart Power Adjustment: Delivers up to 45W of high-speed charging while adjusting output based on your battery level. Charge iPhone 17 Pro to 50% in just 20 minutes. (Note: Data based on internal lab testing. Actual performance may vary depending on usage conditions.),"Smart Display Controls: Tap once to view real-time charging status, double-tap to switch between modes, and press for 2 seconds to rotate the screen. The display automatically turns off after a certain period of time. For more details, scan the QR code to view the user manual.",Extends Battery Life: TÜV-certified Care Mode lowers charging temperature by up to 9°F compared to standard 45W chargers—ideal for overnight charging.,Pocket-Sized with Dual Foldable Prongs: Approximately 47% smaller and 36% lighter than the original 30W charger. Features both 90° and 180° foldable prongs for easy use in tight spaces.,https://m.media-amazon.com/images/I/61Sx3b93TrL._AC_SY355_.jpg,data/amazon_3c/bsr_new_releases/images/B0G1MRLXMV.jpg,https://www.amazon.com/dp/B0G1MRLXMV,,ok,ok,
New Releases,Electronics,Electronics > GPS & Navigation,GPS & Navigation,ref=zg_bsnr_nav_electronics_1,https://www.amazon.com/gp/new-releases/electronics/172526/ref=zg_bsnr_nav_electronics_1,B0GR4L2XSB,2,31,"Air Tracker Tags-4 Pack: Smart Bluetooth Tracker, Compatible with Apple Find My APP (iOS Only) Replaceable Battery, IP67 Waterproof, Suitable for Luggage, Wallets, Backpacks, Keys Tracking Tag, Black",Visit the coioc Store,$29.99,4.7,117,"【Find Nearby, Easily Locate Lost Items】 New Tracker Tags-4 Pack, Never lose your valuables again. Whether it's your luggage, suitcase, bag, car keys, backpack, or any other necessity, one tap in the Find My app, or just ask Siri for help, tracker tags emits loud 100 dB ticking sound to locate your belongings via the Find My app.""Find My""app, locating your items will be a breeze, with no monthly fee or subscription required. (Note: iOS devices only, not Android).","【Lost Alert, Lost Mode】If your tracker tags loses Bluetooth connection with your device, you will receive instant notifications. For those who travel frequently, our ""Forgetfulness Alert"" will timely remind you to retrieve your belongings. If the tracker tags is lost, you will receive instant reminders through the ""Find My"" app, and with the help of hundreds of millions of devices in the ""Find"" network, you can locate your items. When someone connects to Bluetooth, you will automatically receive notifications (please add your contact information so that you can be contacted when someone scans the NFC on your lost locator).","【Real Time Location, Protecting Your Privacy】The tracker tags allows you to view the real time location. When the distance is less than 120 ft, you can use the ""Find My"" app to play a sound and locate the position. Even if your items are out of Bluetooth range, the Find My network, connected to millions of devices worldwide, can help you find your items. We have adopted the latest ISO data encryption and protection to ensure that your location data is encrypted, and even the manufacturer cannot access this information. With the advanced encryption features of Apple's ""Find My"" network, no one can view your location.","【IP67 Waterproof, Replaceable Battery】The tracker tags features an IP67 waterproof rating, crafted with high-quality materials and workmanship to protect against splashes and brief submersion. Powered by the latest CR2032 button cell battery, it offers a lifespan of up to 10 years. When the battery is running low, the tracker tags will notify you to replace it. It comes with 4 large lanyard and button cell batteries, and the detachable design also makes it convenient for you to change the battery.","【Multipurpose, Perfect Gifts Choice】 smart tracker tags will be a thoughtful gift for your friends, family, and elderly individuals who often misplace their keys or phones, helping them save hassle. It also makes an excellent travel companion and is a fantastic gift for family and friends on birthdays, Christmas, and other holidays!",https://m.media-amazon.com/images/I/71f2UftWT8L._AC_SX342_.jpg,data/amazon_3c/bsr_new_releases/images/B0GR4L2XSB.jpg,https://www.amazon.com/dp/B0GR4L2XSB,,ok,ok,
New Releases,Electronics,Electronics > Headphones,Headphones,ref=zg_bsnr_nav_electronics_1,https://www.amazon.com/gp/new-releases/electronics/172541/ref=zg_bsnr_nav_electronics_1,B0GSS4SGZR,2,31,"Apple AirPods Max 2 Wireless Over-Ear Headphones, Active Noise Cancellation, Adaptive Audio, Personalized Spatial Audio, Live Translation, Bluetooth Headphones for iPhone – Midnight",Visit the Apple Store,$529.00,4.5,180,"ULTIMATE OVER-EAR LISTENING EXPERIENCE—Powered by the H2 chip, AirPods Max 2 delivers improved high-fidelity audio with deep bass, expansive mids, and crisp highs for an unparalleled listening experience.","TUNE OUT THE NOISE—Up to 1.5x more Active Noise Cancellation than the previous generation, fully immersing you in every sound.*",HEAR THE WORLD AROUND YOU—Adaptive Audio automatically adjusts noise cancellation levels to suit your environment. Conversation Awareness lowers the volume of what’s playing to make it easy to talk to those around you.* And Transparency lets outside sounds in so you can interact with your surroundings.,"PERSONALIZED SPATIAL AUDIO—With sound tuned to your unique ear shape and dynamic head tracking, AirPods Max 2 delivers an immersive listening experience that surrounds you with theater-like sound.","COMMUNICATE ACROSS LANGUAGES—Simply press and hold the listening mode button to activate Live Translation powered by Apple Intelligence,* which automatically translates the language someone is speaking into your preferred language.",https://m.media-amazon.com/images/I/71umw2cCkOL._AC_SX342_.jpg,data/amazon_3c/bsr_new_releases/images/B0GSS4SGZR.jpg,https://www.amazon.com/dp/B0GSS4SGZR,,ok,ok,
New Releases,Electronics,Electronics > Home Audio & Theater,Home Audio & Theater,ref=zg_bsnr_nav_electronics_1,https://www.amazon.com/gp/new-releases/electronics/667846011/ref=zg_bsnr_nav_electronics_1,B0G9GQLST4,1,31,"2026 Upgraded Pro Bluetooth 6.0 Transmitter Receiver|Bluetooth Adapter for TV/Airplane/Gym to Wireless Headphones/All Airpods,Dual Link & Low Latency,Wireless Adapter for Car/Home Stereo",Visit the LAICOMEIN Store,$26.99,4.6,153,"Advanced Bluetooth 6.0 Dual-Mode Audio Freedom:In TX mode, use this bluetooth transmitter to connect to any AUX/RCA audio source—from TV as a bluetooth transmitter for TV, to airplane seatback as a bluetooth transmitter for airplane—pairing with headphones for clear, lag-free audio. In RX mode, receives wireless audio from a smartphone, tablet, or computer and plays it through audio systems that lack Bluetooth functionality.Hands-free calling via an integrated microphone.","Smart Auto-Pairing & Universal Compatibility Instant plug-and-play starts at power-on. System memory enables quick reconnection with devices like AirPods, Bose, Sony, and other Bluetooth audio gear. Perfect as a bluetooth adapter for various setups. Not compatible with Bluetooth hearing aids. Includes a dual-prong airfly bluetooth airplane adapter and QR guide for easy use.","All-Day 20+ Hours Playback & Fast USB-C Charging An essential among plane travel essentials and travel accessories, our battery provides over 20 hours of playback—ideal for long flights. Recharge fully in 1.5 hours via USB-C while continuing to use. Stay powered anywhere.","Compact Travel Design with Intuitive Control Engineered for life on the move, this ultra-lightweight device is a must-have travel gift. Easily adjust volume and switch modes with dedicated buttons. Clear LED indicators show battery and connection status, making it a reliable aux bluetooth adapter for any journey.","Certified Safe & Versatile Everyday Companion Certified to global safety standards (FCC/CE/RoHS/BQB) with multi-layer protection. Whether you're watching TV, flying internationally, working out, or gaming, this adapter ensures safe and high-quality audio everywhere, truly living up to its name as a travel essential and airplane travel essential.",https://m.media-amazon.com/images/I/61qhjRls0mL._AC_SY355_.jpg,data/amazon_3c/bsr_new_releases/images/B0G9GQLST4.jpg,https://www.amazon.com/dp/B0G9GQLST4,,ok,ok,
New Releases,Electronics,Electronics > Marine Electronics,Marine Electronics,ref=zg_bsnr_nav_electronics_1,https://www.amazon.com/gp/new-releases/electronics/319574011/ref=zg_bsnr_nav_electronics_1,B0FS97YWS9,1,31,"Cobra BlueBound 350 VHF Handheld Marine Radio - White – 6-Watt, Floating, Long Range, NOAA Weather Alerts, International Functionality, IPX7 Waterproof, USB-C, Submersible, LCD Screen, Belt Clip",Visit the COBRA Store,$139.95,4.7,38,"High Visibility Floating Core - The perfect compact VHF radio for marine use on any size vessel, designed with a high-visibility orange floating core for buoyancy and easy retrieval if dropped overboard","6 Watt VHF Power – Switchable between 1/3/6 Watts of power for range demands and battery optimization, use only the amount of power you need for vessels/stations near and far","Day/Night Display - Day/Night selectable LCD display for easy viewing and high visibility at any time of day or night, regardless of weather conditions","Tri-Watch Mode - Instantly access Channels 9, 16, and any user-specified channel with Tri-Watch, allowing you to monitor multiple channels at once in busy waterways for safety",NOAA Weather Alerts - 12 weather channels and National Oceanic and Atmospheric Administration emergency broadcast channel access to stay informed and safe on the water,https://m.media-amazon.com/images/I/61vTuU-fGFL._AC_SY355_.jpg,data/amazon_3c/bsr_new_releases/images/B0FS97YWS9.jpg,https://www.amazon.com/dp/B0FS97YWS9,,ok,ok,
New Releases,Electronics,Electronics > Office Electronics,Office Electronics,ref=zg_bsnr_nav_electronics_1,https://www.amazon.com/gp/new-releases/electronics/172574/ref=zg_bsnr_nav_electronics_1,B0GXZVRK3R,1,31,"Locksworth 8-Sheet Micro Cut Shredder for Home Office, 4 Gallons Bin P-4 High Security Shredders for Papers/Credit Cards/Staples/Clips, Small Commercial Paper Shredder with Transparent Window",Visit the Locksworth Store,$32.39,5.0,26,"8-SHEET CAPACITY & P-4 HIGH SECURITY MICRO-CUT: Home & office shredder can shred up to 8 sheets per pass and can shred credit cards, staples and clips; Safeguard your sensitive data with a P-4 security level shredder that turns paper into tiny 4 x 12mm micro-cut particles—much smaller than strip-cut","2-MIN CONTINUOUS SHREDDING & JAM-FREE REVERSE: This micro cut paper shredder can run continuously for 2 minutes, followed by a 60 minutes cooling period to prevent overheating; A convenient REV function help clear paper jams and sweep paper dust from the blades, keeping shredding smooth, safe, and stress-free for daily use","4 GAL VISUAL BIN: 4 Gal wastebasket with transparent window lets you see at a glance when it's time to empty, reducing unnecessary emptying and preventing messy overflow","SAFETY-FIRST DESIGN WITH AUTO-SHUTOFF: If the lid is lifted off the bin while the shredder is running, the blades will immediately stop to ensure user safety; The heavy duty shredders will only resume operation once the lid is securely mounted in place","EFFORTLESS OPERATION: With auto start/stop and manual-reverse functions, Locksworth micro cut shredder is a hassle-free choice for daily document disposal; Ideal for home, offices, small businesses, or personal use—it prevents document leaks, its compact size doesn’t take up much space, and it requires minimal maintenance",https://m.media-amazon.com/images/I/61kXdokbzQL._AC_SY355_.jpg,data/amazon_3c/bsr_new_releases/images/B0GXZVRK3R.jpg,https://www.amazon.com/dp/B0GXZVRK3R,,ok,ok,
New Releases,Electronics,Electronics > Portable Audio & Video,Portable Audio & Video,ref=zg_bsnr_nav_electronics_1,https://www.amazon.com/gp/new-releases/electronics/172623/ref=zg_bsnr_nav_electronics_1,B0GV214XQ9,1,31,"Pocket AI Voice Recorder & Smart Assistant – Auto Transcription, Summaries & Action Items – AI Note Taker for Meetings, Calls & Productivity - Space Grey",Visit the Pocket Store,$149.00,3.8,67,"YOUR AI PERSONAL ASSISTANT FOR EVERYDAY PRODUCTIVITY: More than a voice recorder, Pocket works as your AI personal assistant to capture, transcribe, and summarize meetings, calls, and ideas instantly. Core features are included out of the box, with optional advanced tools available for power users.","ONE-TAP RECORDING FOR REAL-LIFE MOMENTS: Capture meetings, phone calls, and in-person conversations instantly with a simple tap, no typing, no interruptions, just effortless note-taking anywhere you go.","SMART AI INSIGHTS & ORGANIZATION: Pocket automatically turns recordings into clear summaries, key action items and structured conversation maps so you can quickly review what matters without digging through audio.","TURN CONVERSATIONS INTO ACTION WITH “ASK POCKET”: Don’t just record, understand. Instantly ask questions across your meetings, extract key insights and generate next steps in seconds. All grounded in your recordings, so answers stay accurate and reliable.","MAGSAFE COMPATIBLE FOR SEAMLESS USE: Easily attach Pocket to your iPhone or other MagSafe compatible devices for convenient, hands-free recording on the go. Perfect for capturing meetings, calls, and ideas without needing to hold your device.",https://m.media-amazon.com/images/I/611Q3nTMvsL._AC_SY355_.jpg,data/amazon_3c/bsr_new_releases/images/B0GV214XQ9.jpg,https://www.amazon.com/dp/B0GV214XQ9,,ok,ok,
New Releases,Electronics,Electronics > Security & Surveillance,Security & Surveillance,ref=zg_bsnr_nav_electronics_1,https://www.amazon.com/gp/new-releases/electronics/524136/ref=zg_bsnr_nav_electronics_1,B0F14N7HHH,1,31,"Ring Battery Doorbell Plus (newest model), Retinal 2K with wide-angle video, up to 6x Enhanced Zoom, Night Vision, and Quick Release Battery Pack, Nickel Silver",Visit the Ring Store,$119.99,4.6,106,"Capture it all with Retinal 2K video — From wide views to tighter focus, it’s easy to see your home or business in crisp clarity with Retinal 2K.","Zoom in up to 6x — Catch details at a distance, inspect faces, and more with up to 6x Enhanced Zoom.","True color, even in low light — Stay in color longer with Night Vision, and automatically switch to crisp black and white in total darkness.","Connect to who’s there — See, hear, and speak in real time with improved quality using Live View and Two-Way Talk.",Know the moment something moves — Get instant mobile alerts when your camera senses activity with Motion Detection.,https://m.media-amazon.com/images/I/71a7zFMFngL._SY355_.jpg,data/amazon_3c/bsr_new_releases/images/B0F14N7HHH.jpg,https://www.amazon.com/dp/B0F14N7HHH,,ok,ok,
New Releases,Electronics,Electronics > Service & Replacement Plans,Service & Replacement Plans,ref=zg_bsnr_nav_electronics_1,https://www.amazon.com/gp/new-releases/electronics/16285901/ref=zg_bsnr_nav_electronics_1,B0GP92CTQR,1,9,MX Series MX68 Compatible Advanced Network Security License – 1 Device Coverage LIC-MX68-SEC-3YR (3-Year),Visit the MERAKI SOLUTIONS Store,$98.99,4.4,,Advanced network security license compatible with MX Series MX68 hardware,Provides enhanced firewall protection and comprehensive threat prevention,Designed for small to medium-sized business network environments,Covers 1 device with a straightforward activation process and quick digital delivery,,https://m.media-amazon.com/images/I/51PqzScm+0L._AC_SY355_.jpg,data/amazon_3c/bsr_new_releases/images/B0GP92CTQR.jpg,https://www.amazon.com/dp/B0GP92CTQR,,ok,ok,
New Releases,Electronics,Electronics > Televisions & Video,Televisions & Video,ref=zg_bsnr_nav_electronics_1,https://www.amazon.com/gp/new-releases/electronics/1266092011/ref=zg_bsnr_nav_electronics_1,B0DJGDC3BD,1,31,"Amazon Fire TV Stick HD (newest model), free & live TV, Alexa Voice Remote, powered by the TV, effortless setup, find shows faster with Alexa+",Brand: Amazon,$21.99,3.8,144,"Upgrade your TV, instantly – Fire TV Stick HD is our fastest HD streaming stick ever, with a streamlined navigation that jumps straight to your movies, shows, and live TV. Take your entertainment on the go with the new ultra-portable profile. And watch it all come to life with crisp Full HD and Wi-Fi 6 support.","The new Fire TV experience (2026 release) – Our biggest update to Fire TV has a new, modern design that gets you to your entertainment fast. Browse dedicated content categories, pin more of your favorite apps, and get personalized recommendations. Spend less time scrolling, and more time watching.","All your apps in one place – Prime Video, Netflix, YouTube, Disney+, Apple TV, HBO Max, Hulu, Peacock, Paramount+, and thousands more. It’s easy to find what to watch from hundreds of thousands of movies and TV episodes, including free, ad-supported content. Subscription fees may apply.","Our most portable stick – Thin and light, without extra clutter. Connects directly to your TV's HDMI port without blocking other ports.","Easier than ever to set up – Now with Direct Power, it's powered by your TV with the included USB-C cable and eliminates the need for a wall adapter.",https://m.media-amazon.com/images/I/61LP1QmRroL._AC_SY355_.jpg,data/amazon_3c/bsr_new_releases/images/B0DJGDC3BD.jpg,https://www.amazon.com/dp/B0DJGDC3BD,,ok,ok,
New Releases,Electronics,Electronics > Video Game Consoles & Accessories,Video Game Consoles & Accessories,ref=zg_bsnr_nav_electronics_1,https://www.amazon.com/gp/new-releases/electronics/7926841011/ref=zg_bsnr_nav_electronics_1,B0GWJHDCBQ,1,31,"GameSir G7 Pro 8K PC Wireless Controller, Aimlabs Edition – 8000Hz Polling Rate Wired & 2.4G, TMR Joysticks Anti-Stick Drift, Hall Effect Analog Triggers, Esports Gamepad for Windows PC with 3.5mm Audio",Visit the GameSir Store,$89.99,4.5,52,"8000Hz Hyper-Polling Wired & Wireless – Experience esports-grade precision with an 8K Hz polling rate over both wired USB and 2.4G wireless connections. Every input is registered instantly, giving you smoother control and near-zero latency for competitive PC gaming. Works perfectly for FPS, racing, and fighting games.","GameSir Mag-Res TMR Sticks Gen-2 (No Stick Drift) – Upgraded magnetic technology eliminates physical contact, delivering long-lasting anti-stick drift reliability. Enjoy smoother, more linear control and ultra-low power consumption for precise, responsive gameplay that pros demand.","Optical ABXY + Mechanical D-Pad – Ultra-fast actuation buttons with optical micro switches deliver instant response and long durability. The mechanical micro switch D-pad provides crisp, reliable directional inputs for fighting and platform games.","6-Axis Gyroscope Motion Control – Built-in motion sensor enhances aiming accuracy and fine-tuned control, giving you greater flexibility for competitive shooters and immersive gameplay. Ideal for gyro aiming on PC.","Dual-Mode Trigger Stops (Hall Effect + Micro Switch) – Instantly switch between linear Hall Effect analog triggers for precise acceleration/braking, or clicky micro switch triggers for instant digital response. One controller gives you both control styles—perfect for any genre.",https://m.media-amazon.com/images/I/61AxFdafWlL._SX342_.jpg,data/amazon_3c/bsr_new_releases/images/B0GWJHDCBQ.jpg,https://www.amazon.com/dp/B0GWJHDCBQ,,ok,ok,
New Releases,Electronics,Electronics > Video Projectors,Video Projectors,ref=zg_bsnr_nav_electronics_1,https://www.amazon.com/gp/new-releases/electronics/300334/ref=zg_bsnr_nav_electronics_1,B0GGH9DJ9Q,1,31,"Mini Projector, Portable Projector with Wifi and Bluetooth, Built in Apps, Support 4K 1080P, 180° Rotation, Auto Keystone, Movie Projector Compatible With HDMI/USB/TV Stick/Smartphone/Laptop",Visit the ClokoWe Store,$59.98,4.6,109,"【Built-in WiFi & Bluetooth Projector with Apps】Dual-band WiFi 2.4G + 5G ensures fast and stable wireless streaming. Bluetooth 5.2 supports speakers and headphones. Built-in apps like YouTube, Prime Video and Disney+ are supported, and the projector is compatible with TV sticks (not included) to access a wide range of streaming content and enjoy massive video libraries, making it a perfect movie projector.","【HD Projection, Supports 4K Video Playback & Stereo Sound】Supports 4K video playback via USB drive for smooth viewing. High-quality optical lens delivers clear images and is scratch-resistant and easy to clean. Built-in stereo speakers provide clear sound for movies, TV shows, and casual gaming, ideal for use as a phone projector.","【Dynamic Starry Sky Mode & 180° Rotatable Design】Activate the dynamic Starry Sky Mode with one-touch control on the remote. Featuring 9 animated starry sky scenes and a built-in sleep timer, the projector for bedroom displays dynamic star patterns on the ceiling to create a calming bedtime atmosphere for kids. The 180° rotatable design lets you easily adjust the angle for wall or ceiling projection.","【Auto Keystone, Dual Focus & Big Screen Projection】Supports auto and manual focus for fast and precise image adjustment. Auto vertical keystone correction delivers a perfectly aligned image in seconds. The 0.9:1 short throw ratio enables big-screen projection in small spaces, supporting 30–200 inch screen sizes (recommended 40–100 inches).","【 Ultra-Portable Mini Projector for Indoor & Outdoor】Weighs only 0.77 lb (0.35 kg) with a compact size of 3.73 × 3.73 × 6.17 inches. Easy to carry in a backpack—perfect for camping, travel, dorm rooms, bedroom, outdoor movie nights, and small apartments.",https://m.media-amazon.com/images/I/71WEgL0DCYL._AC_SY355_.jpg,data/amazon_3c/bsr_new_releases/images/B0GGH9DJ9Q.jpg,https://www.amazon.com/dp/B0GGH9DJ9Q,,ok,ok,
New Releases,Electronics,Electronics > Wearable Technology,Wearable Technology,ref=zg_bsnr_nav_electronics_1,https://www.amazon.com/gp/new-releases/electronics/10048700011/ref=zg_bsnr_nav_electronics_1,B0GTMTZF3V,1,31,"Google Fitbit Air - Screenless Activity Tracker with Fitness, Heart Rate, and Sleep Tracking - Personalized AI-Powered Coaching - Up to 7 Days’ Battery Life - Works with iOS and Android - Obsidian",,$99.99,4.5,,"Google Fitbit Air is the unbelievably comfortable, exceptionally smart way to transform your health[1]; and Google Health brings together effortless tracking and adaptive coaching to help make the most of your everyday[2]","Unlock more with Google Health Premium: With a premium membership, get personalized coaching that’s built with Gemini and adapts to your life[2]; get a 3-month trial at no cost to you[5] (Google Health Premium subscription sold separately)","Comfortable fit - One Size Tracker (130-210 mm): The lightweight, micro-adjustable fit sits comfortably and quietly, so you can wear Google Fitbit Air through work, play, and sleep; advanced sensors and new algorithms power more accurate, precise health tracking, 24/7[1]","Designed for every occasion: With no screen to distract you or disrupt your style, your tracker moves seamlessly from bracelet to workout band to sleep band, and you can change looks in seconds – just press the pebble in, click, and go","Long battery life: Google Fitbit Air’s battery lasts up to a week, and fast charging gets you one day of battery life in just five minutes[6,7]",https://m.media-amazon.com/images/I/71dV40OwhgL._AC_SX342_.jpg,data/amazon_3c/bsr_new_releases/images/B0GTMTZF3V.jpg,https://www.amazon.com/dp/B0GTMTZF3V,,ok,ok,
New Releases,Electronics,Electronics > eBook Readers & Accessories,eBook Readers & Accessories,ref=zg_bsnr_nav_electronics_1,https://www.amazon.com/gp/new-releases/electronics/2642125011/ref=zg_bsnr_nav_electronics_1,B0GPXPK65X,1,31,"XTEINK X4 E-Book Reader (Developer Edition), 4.3"" Pocket E-Ink eReader, Physical Page-Turn Buttons, Ultra-Thin 0.23"" & 2.72 oz, Magnetic-Ready Design, Distraction-Free Reading, 16GB, Space Black",Visit the XTEINK Store,$69.00,3.9,129,"All overseas models purchased through official channels – both past sold and current for sale– have not and do not restrict users from installing third-party firmware. Also, there is no plan to restrict the use of third-party firmware on overseas models purchased from official channels.","Pocket-Size Mini eReader for Reading Anywhere: Ultra-light at just 0.23 inch and only 2.72 oz, Xteink X4 is designed for true portability. Slip it into your pocket or bag and enjoy reading anytime. Perfect for commuting, travel, or quick reading breaks throughout the day.","4.3"" Paper-Like E-Ink Display: The 4.3-inch E-Ink screen delivers a natural paper-like reading experience that’s gentle on the eyes. Enjoy clear text and comfortable reading without glare or distractions.","Magnetic-Ready Design for Flexible Use:Includes magnetic stick-on rings for easy attachment to your phone or othersurfaces. For proper adhesion and secure placement, refer to the Installation Manual in the Safety Instructions.","Pure Reading, No Distractions: Enjoy a dedicated reading experience with 16GB storage for thousands of books. Physical page-turn buttons make reading effortless. No subscriptions, no notifications, just focused reading.",https://m.media-amazon.com/images/I/61lYQmK140L._AC_SY355_.jpg,data/amazon_3c/bsr_new_releases/images/B0GPXPK65X.jpg,https://www.amazon.com/dp/B0GPXPK65X,,ok,ok,
New Releases,Computers & Accessories,Computers & Accessories > Computer Accessories & Peripherals,Computer Accessories & Peripherals,ref=zg_bsnr_nav_pc_1,https://www.amazon.com/gp/new-releases/pc/172456/ref=zg_bsnr_nav_pc_1,B0GF74ZGDZ,1,31,"WOLFBOX MF60&MF70 Compressed Air Duster-110000RPM Super Power Electric Air Duster, 3-Speed Adjustable Rechargeable Cordless Air Blower with Fast Charging for PC Keyboard Cleaning, Car, Home (Black)",Visit the WOLFBOX Store,$35.99,4.6,843,"110,000 RPM Power Air Duster: Engineered with a brushless motor reaching up to 110,000 RPM in third gear. This electric air duster blasts away microscopic dust and crumbs from keyboards, computer cases, and radiator fans. ""1-min maintenance, 10-min deep clean"" for PC gamers and tech enthusiasts.","3 Speeds & Long Runtime: Features 3-speed settings: Gear 1 (25K RPM) for delicate electronics, Gear 2 (60K RPM) for daily dusting, Gear 3 (110K RPM) for tough debris. With 2*2500mAh batteries, it runs up to 240 mins on Gear 1 and fully charges in 3.5 hours.","Lightweight & Portable Design: Weighing only 0.5 lbs.Our mini air blower is exceptionally easy to handle and carry. Its compact size fits perfectly in a camera backpack or car glove box, making it ideal for on-the-go photographers and campers who need to clean lenses or clear campsite debris quickly .","Reusable & Cost-Effective Investment: Replaces disposable canned air that run out quickly and freeze up. This cordless air blower is rechargeable and designed for repeated use, saving money in the long run by eliminating the need to constantly buy canned air . It serves as a sustainable cleaning partner for electronics, home surfaces, keyboards, and delicate gadgets.","Versatile Cleaning Tool: The WOLFBOX MF60 Electric Air Duster comes with 5 nozzles: a flat nozzle for blowing dust off PC cases and desks, a long nozzle for deep cleaning computer keyboards and car vents, a round all-purpose nozzle, and a swim ring/air mattress nozzle for outdoor inflation and camping. From electronics to car care and outdoor life, it's an all-in-one solution.",https://m.media-amazon.com/images/I/71zeGEFy1aL._AC_SY355_.jpg,data/amazon_3c/bsr_new_releases/images/B0GF74ZGDZ.jpg,https://www.amazon.com/dp/B0GF74ZGDZ,,ok,ok,
New Releases,Computers & Accessories,Computers & Accessories > Computer Components,Computer Components,ref=zg_bsnr_nav_pc_1,https://www.amazon.com/gp/new-releases/pc/193870011/ref=zg_bsnr_nav_pc_1,B0GMLJCBBM,1,31,Intel® Core™ Ultra 7 Processor 270K Plus 24 cores (8 P-cores + 16 E-cores) up to 5.5 GHz,,$316.29,4.5,56,Next‑Gen Platform Support: Compatible with Intel 800 Series Chipset‑based motherboards with LGA1851 Socket enabling PCIe 5.0/4.0 and high‑speed DDR5 memory (up to 7200 MT/s).,High‑Performance Core Configuration: Features up to 24 cores (8 P‑cores + 16 E‑cores) for demanding gaming and creator,Ultra‑Fast Boost Clocks: Reaches up to 5.5 GHz max turbo frequency for top‑tier responsiveness and performance,"Built for Enthusiasts: Unlocked for performance tuning when paired with Intel Z‑series chipsets, making it ideal for overclockers and power users.",Robust Power & Thermal Design: Engineered with 125W base power and 250W max turbo power to sustain high‑intensity,https://m.media-amazon.com/images/I/513B3wj3GQL._AC_SY355_.jpg,data/amazon_3c/bsr_new_releases/images/B0GMLJCBBM.jpg,https://www.amazon.com/dp/B0GMLJCBBM,,ok,ok,
New Releases,Computers & Accessories,Computers & Accessories > Data Storage,Data Storage,ref=zg_bsnr_nav_pc_1,https://www.amazon.com/gp/new-releases/pc/1292110011/ref=zg_bsnr_nav_pc_1,B0GG4BTNXY,1,31,"Lexar D50E 128GB Solid State Dual Drive, USB Flash Drive Up to 400MB/s Read, 360MB/s Write High-Performance, USB-C & USB-A Port, Metal Housing Swivel Design, Compatible with iPhone 17, Android, PC",,$45.99,4.8,66,Dual USB-A and USB-C connectors for wide compatibility with USB devices. Cable-free to provide everything you need within a compact design,"Up to 400MB/s read transfer, 360MB/s write speeds. Provide file transfers 4X faster than USB 3.0. The comparison is based on internal testing at a speed of 100 MB/s; actual performance may vary",The free Lexar App Photo Backup function is available for both iOS and Android to give an easy way to back up and manage media. iCloud content backup is not supported yet,A durable metal housing offers exceptional durability and protects the USB-A and USB-C connectors,Available in capacities up to 1TB to carry your entire content library in your pocket,https://m.media-amazon.com/images/I/61MTxoD2iIL._AC_SY355_.jpg,data/amazon_3c/bsr_new_releases/images/B0GG4BTNXY.jpg,https://www.amazon.com/dp/B0GG4BTNXY,,ok,ok,
New Releases,Computers & Accessories,Computers & Accessories > Desktops,Desktops,ref=zg_bsnr_nav_pc_1,https://www.amazon.com/gp/new-releases/pc/565098/ref=zg_bsnr_nav_pc_1,B0GKD6MMSY,1,31,"Glorlin Mini PC AMD Ryzen 5300U, 16GB DDR4 512GB NVMe SSD, Triple 4K HDMI/DP/Type-C, WiFi 6 BT5.3, Dual 2.5G LAN, Expandable to 64GB/4TB, Small Desktop Computer Micro PC for Office, Home, Media",Brand: Glorlin,$315.99,4.9,12,"𝗣𝗢𝗪𝗘𝗥𝗘𝗗 𝗕𝗬 𝗔𝗠𝗗 𝗥𝗬𝗭𝗘𝗡 𝗣𝗘𝗥𝗙𝗢𝗥𝗠𝗔𝗡𝗖𝗘: This Glorlin mini pc features an AMD Ryzen 3 5300U processor with 4 cores and 8 threads, boosting up to 3.8GHz. Integrated Radeon graphics supports smooth everyday workloads including office apps, web browsing, media playback, and light gaming, making it a practical small pc, and compact mini desktop computer for home or business environments.","𝟭𝟲𝗚𝗕 𝗠𝗘𝗠𝗢𝗥𝗬 & 𝗙𝗔𝗦𝗧 𝗡𝗩𝗠𝗘 𝗦𝗧𝗢𝗥𝗔𝗚𝗘: Equipped with 16GB DDR4 RAM for responsive multitasking and a 512GB M.2 2280 NVMe SSD for fast boot and quick data access. The memory can be expanded up to 64GB and storage up to 4TB, giving this mini computer flexible upgrade potential for growing workloads and long-term use.","𝗧𝗥𝗜𝗣𝗟𝗘 𝟰𝗞 𝗗𝗜𝗦𝗣𝗟𝗔𝗬 𝗙𝗢𝗥 𝗣𝗥𝗢𝗗𝗨𝗖𝗧𝗜𝗩𝗜𝗧𝗬: HDMI, DisplayPort, and USB-C allow this micro pc to drive up to three 4K displays simultaneously. Expand your workspace for multitasking, financial dashboards, programming, or content viewing. A compact small desktop computer that helps improve productivity in office, studio, or home setups.","𝐕𝐄𝐑𝐒𝐀𝐓𝐈𝐋𝐄 𝐏𝐎𝐑𝐓𝐒 & 𝐅𝐀𝐒𝐓 𝐍𝐄𝐓𝐖𝐎𝐑𝐊: esigned for connectivity, this ryzen mini pc includes 2×USB 3.2, 2×USB 2.0, Type-C 3.2, HDMI, DP, 3.5mm audio, and dual 2.5G LAN ports. WiFi 6 and Bluetooth 5.3 enable fast wireless connections for peripherals and networking, making this micro computer suitable for office networks, home labs, and media systems.","𝗘𝗙𝗙𝗜𝗖𝗜𝗘𝗡𝗧 𝗖𝗢𝗢𝗟𝗜𝗡𝗚 𝗜𝗡 𝗔 𝗖𝗢𝗠𝗣𝗔𝗖𝗧 𝗕𝗢𝗗𝗬: This mini gaming pc and mini desktop features a low-noise fan and high-efficiency thermal materials to improve heat dissipation during daily workloads. The compact mini computers design saves desk space while maintaining stable operation for office work, media streaming, light development, and casual gaming.",https://m.media-amazon.com/images/I/61rs7So+jxL._AC_SY355_.jpg,data/amazon_3c/bsr_new_releases/images/B0GKD6MMSY.jpg,https://www.amazon.com/dp/B0GKD6MMSY,,ok,ok,
New Releases,Computers & Accessories,Computers & Accessories > External Components,External Components,ref=zg_bsnr_nav_pc_1,https://www.amazon.com/gp/new-releases/pc/3012292011/ref=zg_bsnr_nav_pc_1,B0G34NJ11Y,2,31,"UGREEN 8K@60Hz HDMI Displayport KVM Switch 3 Monitors 2 Computers, Aluminum 4K@240Hz with 4 USB 3.0 Ports for 2 Computers Share Triple Monitors with 4 DP+2 HDMI+2 USB Cables/Power Adapter/Controller",,$99.99,4.4,125,"KVM Switch 3 Monitors 2 Computers: This 2*Displayport + 1*HDMI KVM Switches allows you to switch effortlessly between two computers with one click — share 3 monitors and 4 USB 3.0 ports (keyboard, mouse, printer, webcam) without swapping cables. Space-saving KVM for home offices, content creators, and IT professionals. NOTE: Both computers must support triple-monitor output to use all 3 displays simultaneously. If either PC only supports 1 or 2 displays, the extra monitor(s) won’t activate","Ultra HD 8K@60Hz/4K@240Hz Resolution: This USB KVM switch output features two DisplayPort 1.4 ports + one HDMI 2.1 port, each supporting up to 8K@60Hz resolution, and backward compatible with 8K@30Hz, 4K@240Hz/144Hz/120Hz/60Hz/30Hz. It also supports HDR10+, HDCP 2.3/1.4, VRR, FreeSync, and G-Sync, eliminating screen tearing and stuttering across three monitors, even at high frame rates. NOTE: If need to achieve 8K resolution, your computers and monitors both need to support 8K@60Hz resolution, and please make sure the length of your cables are within 2 meters 28AWG","Two Switching Ways & Two Dispaly Modes: This KVM switch displayport HDMI supports button switching and desktop controller switching, freely switch between 2 computers. With the desktop controller, you can place this monitor switch for 2 computers outside your work area, making your desktop cleaner and tidier. Two Dispaly Modes, Mirror mode: Triple monitors output the same images, Extend mode: Triple monitors output different images. NOTE: Not support Keyboard shortcuts (hotkeys) toggles","Wide Compatibility & Package List: This triple monitor KVM switch driver-free and plug and play, and supports Windows, MacOS, and Linux systems. (Note: If your laptop only has USB-C ports, please use ""a USB-C to USB-A OTG adapter + the included USB-A cable"" to connect to the KVM switch's USB-A port.) PACKAGE LIST: 1*KVM switch, 4*DP cables, 2*HDMI cables, 2*USB A cables, 1*power adapters, 1*desktop controller, 1*user guide","NOTE: 1, To ensure normal usage, please make sure to connect the power supply via the power adapter. 2, To display content across three screens simultaneously, make sure each of your PC is equipped with 2 DisplayPort ports + 1 HDMI port. 3, Each computer at the input needs to be connected with 2* DP cables + 1* HDMI cable+1* USB cable. 4, Please make sure your PC supports 3 screens or above display function before purchasing. 5, If a signal converter or docking station is used, there may be compatibility issues. 6, NOT support EDID emulation",https://m.media-amazon.com/images/I/7134N77CH5L._SX342_.jpg,data/amazon_3c/bsr_new_releases/images/B0G34NJ11Y.jpg,https://www.amazon.com/dp/B0G34NJ11Y,,ok,ok,
New Releases,Computers & Accessories,Computers & Accessories > Laptop Accessories,Laptop Accessories,ref=zg_bsnr_nav_pc_1,https://www.amazon.com/gp/new-releases/pc/3011391011/ref=zg_bsnr_nav_pc_1,B0GSQZH26T,1,31,"MOSISO Compatible with MacBook Neo Case 13 inch 2026 Release Model A3404 with A18 Pro Chip, 4 in 1 Kit Precision Fit Crack & Scratch Resistant Protective Hard Shell Case Cover, Crystal Clear",Visit the MOSISO Store,$11.99,4.6,166,"Seamlessly Closes & Compatibility: Designed ONLY to be compatible with MacBook Neo 13-inch with A18 Pro Chip with Liquid Retina Display (model: A3404, 2026 release), Please kindly check the model number ""Axxxx"" on the back of the laptop before your purchase, make sure you choose the exact same model number as the listing title stated ""A3404"" that be compatible with MacBook Neo case & compatible with MacBook Neo case 13 inch","Scratches-Resistant, Built to Last - Compatible with MacBook Neo Hard Shell Case: Precision-crafted from engineering polycarbonate, this case wraps every side in sturdy defense - guarding your laptop through the daily grind: keys in your bag, coffee rings on the table, dust in your backpack. Designed as a compatible with Mac Neo case, it keeps your device free from marks and smudges, maintaining a clean, polished appearance day after day. Protection that lasts, beauty that endures","Crystal-Clarity That Lasts - Compatible with MacBook Neo 13 inch Case: A high-transparency shell that stays crystal-clear - no yellowing, no fading, just pure visibility. Engineered as a compatible with MacBook Neo protective case, its smooth surface reduces fingerprints and smudges, keeping your view clear. Built with crack-resistant materials, it lets your laptop's design shine. Perfectly suited as a compatible with MacBook Neo hard case, it's see-through protection with standout style","Easily Installation & Remarkably Thin - Compatible with MacBook Neo case A3404: The top and bottom covers fit securely into place with a gentle push - no tools, no hassle. Engineered as a compatible with MacBook Neo cover, it stays firmly mounted during daily use, yet releases easily when removal is needed. Designed as a compatible with MacBook Neo A3404 case, this remarkably thin hard shell case guards your laptop and adds virtually no bulk","Complete All-in-One Protection Kit - Compatible with MacBook Neo Cover: This bundle provides instant, full-body device security. Including a precision-molded hard shell case, 2 dustproof keyboard covers, a clear screen protector and a small storage bag. Whether you're looking for a case or a complete protection kit, everything you need is right here",https://m.media-amazon.com/images/I/611qn2OlBdL._AC_SX342_.jpg,data/amazon_3c/bsr_new_releases/images/B0GSQZH26T.jpg,https://www.amazon.com/dp/B0GSQZH26T,,ok,ok,
New Releases,Computers & Accessories,Computers & Accessories > Laptops,Laptops,ref=zg_bsnr_nav_pc_1,https://www.amazon.com/gp/new-releases/pc/565108/ref=zg_bsnr_nav_pc_1,B0GR1493ZV,2,31,"Apple 2026 MacBook Air 13-inch Laptop with M5 chip: Built for AI, 13.6-inch Liquid Retina Display, 16GB Unified Memory, 512GB SSD, 12MP Center Stage Camera, Touch ID, Wi-Fi 7; Sky Blue",Visit the Apple Store,$999.00,4.8,346,"MIGHT TAKES FLIGHT — MacBook Air with the M5 chip packs blazing speed and powerful AI capabilities into an incredibly portable design. With Apple Intelligence,* up to 18 hours of battery life,* and fast SSD storage starting from 512GB,* you can work, create, and play anywhere life takes you.","SUPERCHARGED BY M5 — With its faster CPU and unified memory, the M5 chip delivers even more performance and fluidity across apps, making multitasking and creative workflows smooth and responsive. A powerful Neural Engine and next-generation GPU with Neural Accelerators give you a powerful platform for AI.","APPLE INTELLIGENCE — Apple Intelligence is the personal intelligence system that helps you write, express yourself, and get things done effortlessly. With groundbreaking privacy protections, it gives you peace of mind that no one else can access your data — not even Apple.*","UP TO 18 HOURS OF BATTERY LIFE — MacBook Air delivers incredible battery life with amazing performance, so you can power through a full day of work or class without worrying about plugging in.*","A BRILLIANT 13.6-INCH DISPLAY — The Liquid Retina display supports 1 billion colors.* Photos and videos pop with rich contrast and sharp detail, and text appears supercrisp.",https://m.media-amazon.com/images/I/71igu9e9hFL._AC_SX342_.jpg,data/amazon_3c/bsr_new_releases/images/B0GR1493ZV.jpg,https://www.amazon.com/dp/B0GR1493ZV,,ok,ok,
New Releases,Computers & Accessories,Computers & Accessories > Monitors,Monitors,ref=zg_bsnr_nav_pc_1,https://www.amazon.com/gp/new-releases/pc/1292115011/ref=zg_bsnr_nav_pc_1,B0GLV9PML4,1,31,"Samsung 27"" Odyssey G5 (G51F) Gaming Monitor - QHD (1440P), 180Hz, 1ms, AMD FreeSync, HDR10, Height Adjustable Stand, Black Equalizer, Virtual Aim Point, Auto Source Switch+, LS27FG512ENXZA",,$249.85,4.7,27,QHD Resolution (2560 x 1440) has 1.7 times the pixel density of Full HD for incredibly detailed pinsharp images,HDR10 provides brighter highlights and nuanced shadow for added depth - making every scene feel more vivid and realistic,"The 180Hz refresh rate minimizes lag for gameplay with ultra-smooth action. Plus, the 1ms response time helps capture your moves in real-time, allowing you to react fast for gaming precision","AMD FreeSync reduces choppiness, screen lag and image tearing, ensuring that your fast-paced, complex in-game action is stable with minimal stutter","Ergonomic stand allows for tilt, pivot and height adjustments to maximize gaming comfort",https://m.media-amazon.com/images/I/71HCnFPkVhL._AC_SY355_.jpg,data/amazon_3c/bsr_new_releases/images/B0GLV9PML4.jpg,https://www.amazon.com/dp/B0GLV9PML4,,ok,ok,
New Releases,Computers & Accessories,Computers & Accessories > Networking Products,Networking Products,ref=zg_bsnr_nav_pc_1,https://www.amazon.com/gp/new-releases/pc/172504/ref=zg_bsnr_nav_pc_1,B0GT4W54V2,1,31,"1200Mbps Dual Band 5GHz/2.4GHz WiFi Extender, WiFi Extender Signal Booster, 12880 Sq.Ft Coverage, 105-Device Support, Setup for Home & Outdoor Use",Visit the GEYILO Store,$39.99,4.6,33,"12880 Sq.Ft 360°Indoor-Outdoor Coverage: The WiFi Extender, paired with four high-gain antennas, delivers 360°comprehensive coverage up to 12880 Sq.Ft. It covers living rooms, garages, backyards, and multi-story spaces, eliminating dead zones while WiFi Mesh compatibility (if applicable) creates a seamless whole-home network.","Dual Band 5GHz/2.4GHz 1200Mbps Performance: This WiFi Extender Signal Booster leverages 2.4GHz (long-range, strong wall penetration) for smart home devices and 5GHz (low-interference, 1200Mbps high speed) for lag-free streaming/gaming. It balances coverage and speed to meet diverse daily needs.","105-Device Wide Compatibility: The WiFi Extender supports up to 105 devices simultaneously—smartphones, smart TVs, security cameras, and printers. It works with most wireless gadgets, ensuring smooth connectivity for busy multi-device households without congestion.","Hassle-Free Plug-and-Play Setup: Equipped with clear step-by-step instructions and smart indicator lights, this WiFi Extender Signal Booster simplifies installation. Plug it into a socket, connect to your router, and finish setup in minutes—no professional skills or complex wiring needed.","Advanced WPA/WPA2 Security Protection: The WiFi Extender features WPA/WPA2 encryption to block unauthorized access. This WiFi Extender Signal Booster safeguards personal data and online activities (shopping, remote work), providing a secure network barrier for your home.",https://m.media-amazon.com/images/I/513X+OvKiSL._AC_SY355_.jpg,data/amazon_3c/bsr_new_releases/images/B0GT4W54V2.jpg,https://www.amazon.com/dp/B0GT4W54V2,,ok,ok,
New Releases,Computers & Accessories,Computers & Accessories > Printers,Printers,ref=zg_bsnr_nav_pc_1,https://www.amazon.com/gp/new-releases/pc/172635/ref=zg_bsnr_nav_pc_1,B08DRMMFH3,1,31,Canon Selphy CP1500 Photo Printer Bundle (Black) with KP-108 Paper (108 Sheets) 3 Color Ink Cartridges & Tudak Cleaning Cloth – Wireless Compact Dye-Sub Printer Kit,,$229.95,4.5,18,"Complete Photo Printing Bundle Everything you need in one kit: Canon Selphy CP printer, KP-108 photo paper (108 sheets), three full-size color ink cartridges, and a Tudak microfiber cleaning cloth.","Lab-Quality Prints at Home Dye-sublimation technology delivers vibrant, professional-quality 4x6 photos that are water-resistant, fingerprint-resistant, and long-lasting.","Wireless & Compact Design Easily print from your smartphone, tablet, or computer via Wi-Fi. Compact and portable design fits perfectly on desks, shelves, or travel bags.","Easy Setup – No Guesswork Pre-matched paper and ink means no compatibility issues. Just load, connect, and start printing in minutes.","Perfect for Events & Gifts Ideal for parties, scrapbooking, journaling, or instant memories. Includes cleaning cloth to keep your printer dust-free and running smoothly.",https://m.media-amazon.com/images/I/71vUGH-loGL._AC_SY355_.jpg,data/amazon_3c/bsr_new_releases/images/B08DRMMFH3.jpg,https://www.amazon.com/dp/B08DRMMFH3,,ok,ok,
New Releases,Computers & Accessories,Computers & Accessories > Routers,Routers,ref=zg_bsnr_nav_pc_1,https://www.amazon.com/gp/new-releases/pc/300189/ref=zg_bsnr_nav_pc_1,B0GLP6QL6R,1,31,"TP-Link Roam 6 AX1500 Portable Wi-Fi 6 Travel Router Dual-Band | Easy Public WiFi Sharing | Hotel/RV/Travel Approved | Phone WiFi Tether | USB C 3.0 | Multi-Mode | OpenVPN, WireGuard® | TL-WR1512X",,$49.99,4.5,69,"𝐑𝐨𝐚𝐦 𝟔 𝐀𝐗𝟏𝟓𝟎𝟎 𝐝𝐮𝐚𝐥-𝐛𝐚𝐧𝐝 𝐬𝐩𝐞𝐞𝐝𝐬 - Wi-Fi 6 Speeds up to 1,201 Mbps (5 GHz) and 300 Mbps (2.4 GHz) for up to 60 devices simultaneously. Actual Wi-Fi speeds vary based on source bandwidth, environment, distance to devices, and obstacles. ◇§","𝐏𝐨𝐫𝐭𝐚𝐛𝐥𝐞 𝐚𝐧𝐝 𝐝𝐮𝐫𝐚𝐛𝐥𝐞 𝐝𝐞𝐬𝐢𝐠𝐧 - Roam 6 AX1500 is a pocket-sized travel router compactly designed for trips and adventures, featuring a 1 Gbps WAN/LAN port and a 1 Gbps LAN port for reliable wired connectivity.","𝗦𝗲𝗰𝘂𝗿𝗲 𝗪𝗶-𝗙𝗶 𝗼𝗻-𝘁𝗵𝗲-𝗴𝗼 - Connects to public Wi-Fi and creates a private, secure network for all your devices. Supports multiple devices at once, ideal for hotels, Airbnbs, airports, and even home use. VPN connectivity enables secure remote work.","𝐌𝐮𝐥𝐭𝐢𝐩𝐥𝐞 𝐰𝐚𝐲𝐬 𝐭𝐨 𝐜𝐨𝐧𝐧𝐞𝐜𝐭 - (1) Router Mode: Connects to public Wi-Fi, ISP, or phone (USB tethering). (2) AP/RE/Client Mode: Adds WiFi to wired setups, extends WiFi, or connects wired devices wirelessly.","𝐎𝐮𝐫 𝐜𝐲𝐛𝐞𝐫𝐬𝐞𝐜𝐮𝐫𝐢𝐭𝐲 𝐜𝐨𝐦𝐦𝐢𝐭𝐦𝐞𝐧𝐭 - TP-Link is a signatory of the U.S. Cybersecurity and Infrastructure Security Agency’s (CISA) Secure-by-Design pledge. Advanced security is integrated into the device’s design, development, and ongoing maintenance.",https://m.media-amazon.com/images/I/51qeXnYSuqL._AC_SY355_.jpg,data/amazon_3c/bsr_new_releases/images/B0GLP6QL6R.jpg,https://www.amazon.com/dp/B0GLP6QL6R,,ok,ok,
New Releases,Computers & Accessories,Computers & Accessories > Scanners,Scanners,ref=zg_bsnr_nav_pc_1,https://www.amazon.com/gp/new-releases/pc/172584/ref=zg_bsnr_nav_pc_1,B0GJSBC2MR,1,31,"PORTTA Film Scanner with 5"" LCD Screen, 22MP Slide & Negative Scanner, Converts 135, 126, 110 Film & Slides to Digital Photos, HDMI Output, SD Card Storage, No Computer Required",Visit the Portta Store,$139.99,4.5,49,"【Convert Film to Digital at Home】 Easily scan 35mm (135), 126, 110 and Super 8 (photo only), including color and black & white negatives and slides. A versatile film, negative and slide scanner with no computer required",【16MP / 22MP High-Resolution Scans】 Choose between 16MP standard or enhanced 22MP output for sharper details and clearer images,"【Large 5"" LCD Screen for Instant Preview】 Preview, adjust and align photos in real time directly on the scanner for easy and accurate scanning",【Save to SD Card & HDMI Output】 Store photos directly to SD card up to 128GB or connect to a TV via HDMI for real-time viewing,"【Built-In Image Adjustment Tools】 Adjust brightness, color and orientation to enhance image quality before saving your digital photos",https://m.media-amazon.com/images/I/61CCPl4oZnL._AC_SY355_.jpg,data/amazon_3c/bsr_new_releases/images/B0GJSBC2MR.jpg,https://www.amazon.com/dp/B0GJSBC2MR,,ok,ok,
New Releases,Computers & Accessories,Computers & Accessories > Servers,Servers,ref=zg_bsnr_nav_pc_1,https://www.amazon.com/gp/new-releases/pc/11036071/ref=zg_bsnr_nav_pc_1,B0GFXXB3BT,1,13,Secure KVM Over IP + Console Server for Remote Server Access | TinyPilot Voyager 3,Visit the TinyPilot Store,$379.00,5.0,1,Zero-Hassle Setup – No software installs; Tailscale ready in just a few clicks,Bright LCD Screen - Deployment and management are a breeze,"HDMI Passthrough - Completely transparent, non-blocking operation",Multi-User Collaboration – Up to 8 simultaneous remote users with non-blocking local access,Tiered Account Control – Create unlimited accounts with Admin or Operator roles,https://m.media-amazon.com/images/I/61oDm4No7VL._AC_SY355_.jpg,data/amazon_3c/bsr_new_releases/images/B0GFXXB3BT.jpg,https://www.amazon.com/dp/B0GFXXB3BT,"Best Sellers Rank #104,490 in Electronics ( See Top 100 in Electronics ) #21 in Computer Servers Date First Available January 9, 2026",ok,ok,
New Releases,Computers & Accessories,Computers & Accessories > Tablet Accessories,Tablet Accessories,ref=zg_bsnr_nav_pc_1,https://www.amazon.com/gp/new-releases/pc/2348628011/ref=zg_bsnr_nav_pc_1,B0GJZGJDXN,2,31,"Lamicall Car Headrest Tablet Holder - [Foldable Clip] [Lockable] Tablet Mount for Car Backseat, Car Accessories for Kids, for iPad Pro, Air, Mini, Galaxy Tab, Fire HD, 5.4-13"" Tablets",Visit the Lamicall Store,$25.99,4.5,21,"【Stable Upgrade – Biaxial Extension Arm】The telescopic arm uses a multi-layer pressure plate connection and is equipped with a tightening knob, greatly improving the stability and safety. It can be easily adjusted to different angles, allowing you to adjust the viewing distance conveniently, making it perfect for enjoying entertainment with family and friends.","【Metal Crossbar for Headrest】Out of a considerate thought, the hook's depth on both ends of the tablet car mount is deeper, the headrest mount which is made of high-quality metal also helps greatly increase the stability during driving; The anti-slip rubber pads protect the tablet from scratching and slipping, keep your device safe.","【Foldable Tablet Clip】The tablet holder for car adopts a foldable design, which can be retracted when not in use, so it won’t obstruct the rear seat passengers, making it easy to store; With this car tablet holder option, passengers can easily enjoy their favorite shows, making it a great solution for family road trips.","【Devices Compatibility】The universal headrest tablet mount is suitable for 5.4-13"" devices, such as 2025/ 2024/ 2022 iPad Pro 13, Pro 11, 2022 iPad 10.9/ iPad 10th Generation, 2026 iPad Air, iPad 10.5/ 9.7, iPad Mini, Galaxy Tab, Kindle, Fire HD, iPhone Air, 17 Pro Max, 16, 15, 14, Galaxy S25 Ultra, more smartphones and tablets; The max thickness the clip can fit is 0.9""(23mm), 5.4-13"" refers to the diagonal length of the tablet screen, the suitable width of screen is 4.6-9.2"".","【Wider Headrest Compatible】This new version can fit headrest with narrower rod distance, the adapted distance range of headrest rods is 2.8"" (72 mm) - 6.1"" (155 mm), the diameter of the headrest hook is 12mm; NOTICE: can't fit the backseat without headrest rods.",https://m.media-amazon.com/images/I/71fRRAA3GSL._AC_SX342_.jpg,data/amazon_3c/bsr_new_releases/images/B0GJZGJDXN.jpg,https://www.amazon.com/dp/B0GJZGJDXN,,ok,ok,
New Releases,Computers & Accessories,Computers & Accessories > Tablets,Tablets,ref=zg_bsnr_nav_pc_1,https://www.amazon.com/gp/new-releases/pc/1232597011/ref=zg_bsnr_nav_pc_1,B0FVXMHHRP,1,31,"Samsung Galaxy Tab A11+ 6GB RAM, 128GB Storage, Optimized Performance, Long Lasting Battery, Expandable Storage, Large Display, Dolby Atmos Speakers, AI Assist, Slim, Light, 2 Year Warranty, Gray",,$209.99,4.5,819,"POWER FOR ALL YOU DO: Galaxy Tab A11+ gives your family the optimal performance they need for all their day-to-day activities. Power through tasks, relax with a movie or jump into a game — the upgraded chipset⁴ keeps everything responsive","CHARGES UP FAST. LASTS FOR HOURS: Galaxy Tab A11+ keeps your family going with a long-lasting battery that’s perfect for browsing, streaming and play. When you finally need a boost, fast charging gets you back to 100% quickly.⁵","MEMORY AND STORAGE THAT KEEP UP: With up to 8GB of memory and 256GB⁶ of storage, Galaxy Tab A11+ gives your family the space and speed to multitask seamlessly and handle large files.","BIG SCREEN. FAMILY-SIZED FUN: A bright, engaging 11"" screen¹ with a refresh rate up to 90Hz delivers natural, fluid motion, making it easy for every family member to stream, play and do what they love.","SURROUND YOURSELF WITH RICH AUDIO SOUND: Whether you're watching a movie or listening to your favorite playlist, immerse yourself in a cinema-like audio experience with quad speakers powered by Dolby Atmos on Galaxy Tab A11+",https://m.media-amazon.com/images/I/61NlIpbonCL._AC_SY355_.jpg,data/amazon_3c/bsr_new_releases/images/B0FVXMHHRP.jpg,https://www.amazon.com/dp/B0FVXMHHRP,,ok,ok,
New Releases,Computers & Accessories,Computers & Accessories > Warranties & Services,Warranties & Services,ref=zg_bsnr_nav_pc_1,https://www.amazon.com/gp/new-releases/pc/16285851/ref=zg_bsnr_nav_pc_1,B0GPDSR9BP,2,9,MX Series MX68CW Compatible Advanced Network Security License – 1 Device Coverage LIC-MX68CW-SEC-5YR (5-Year License),Visit the MERAKI SOLUTIONS Store,"$1,352.99",5.0,,Advanced network security license compatible with MX Series MX68CW hardware.,Provides enhanced firewall protection and comprehensive threat prevention.,Designed for small to medium-sized business network environments.,Covers 1 device with a straightforward activation process and quick digital delivery.,,https://m.media-amazon.com/images/I/51nFpB8Y+xL._AC_SY355_.jpg,data/amazon_3c/bsr_new_releases/images/B0GPDSR9BP.jpg,https://www.amazon.com/dp/B0GPDSR9BP,,ok,ok,
New Releases,Cell Phones & Accessories,Cell Phones & Accessories > Accessories,Accessories,ref=zg_bsnr_nav_wireless_1,https://www.amazon.com/gp/new-releases/wireless/2407755011/ref=zg_bsnr_nav_wireless_1,B0FHWK3W1S,5,31,"Anker Prime 3-in-1 Charging Station, AirCool Wireless Charger, 25W Qi2.2-Certified Palm-Sized Foldable MagSafe Charger Compatible with iPhone 17, Apple Watch, AirPods (Non-Battery, with Adapter)",,$104.99,4.7,308,"25W Qi2.2 Ultra-Fast MagSafe Charging: Delivers up to 25W of magnetic wireless charging with Qi2.2 technology. Charges iPhone 17 Pro to 50% in 26 minutes, up to 5× faster than standard 5W wireless chargers. Results may vary.","Compact Desktop Wireless Charger: The palm-sized design measures 3.74 × 2.38 × 1.22"" to help save desk space and weighs 8.11 oz, about the same as an iPhone 17 Pro Max. It folds flat for easy packing when traveling to hotels or offices. This is a wall-powered wireless charger, not a power bank.",Whisper-Quiet AirCool: The advanced AirCool system operates at just 19 dB and helps keep your phone below 98.6°F during charging. It delivers up to 25W of power while protecting your battery's health.,"3-in-1 Charging Convenience: Charge your iPhone, Apple Watch, and AirPods simultaneously. It also works as an adjustable stand for comfortable viewing during charging.","What You Get: Anker Prime Wireless Charging Station (3-in-1, MagGo, AirCool, Foldable), 45W USB-C charger, 5 ft USB-C to USB-C cable, 2× anti-slip watch stickers, welcome guide, 24-month warranty, and our friendly customer service.",https://m.media-amazon.com/images/I/610vBZrBPQL._AC_SY355_.jpg,data/amazon_3c/bsr_new_releases/images/B0FHWK3W1S.jpg,https://www.amazon.com/dp/B0FHWK3W1S,,ok,ok,
New Releases,Cell Phones & Accessories,"Cell Phones & Accessories > Cases, Holsters & Clips","Cases, Holsters & Clips",ref=zg_bsnr_nav_wireless_1,https://www.amazon.com/gp/new-releases/wireless/2407760011/ref=zg_bsnr_nav_wireless_1,B0GD2M6XGB,1,31,"OtterBox Samsung Galaxy S26 Commuter Series Case - Black, Slim & Tough, Pocket-Friendly, with Port Protection, Protective Phone Case for Samsung Galaxy",,$49.99,4.4,484,"PRECISION FIT - for Samsung Galaxy S26 and engineered for a snug, form‑fitting profile.",RUGGED MULTI‑LAYER IMPACT SHIELD - Dual‑layer protection combines a rigid shell with a rubber interior for 3X military‑standard durability for Samsung Galaxy.,"SECURE GRIP PROTECTION – The trusted Commuter Series for Samsung Galaxy features rubber‑grip edges that provide a confident hold, while the slim design delivers trusted OtterBox durability and protection for Samsung Galaxy.","MAGNETIC FAST CHARGE – Built‑in magnets align perfectly for reliable Fast Charge performance, keeping your Samsung Galaxy powered at all times, with ease.","TRUSTED OTTERBOX QUALITY – As America’s most trusted phone case brand, OtterBox pioneered military‑grade phone case protection and continues to raise the bar. With OtterBox every design is built for real‑world reliability and everyday readiness.",https://m.media-amazon.com/images/I/71aBBsq4VGL._AC_SY355_.jpg,data/amazon_3c/bsr_new_releases/images/B0GD2M6XGB.jpg,https://www.amazon.com/dp/B0GD2M6XGB,,ok,ok,
New Releases,Cell Phones & Accessories,Cell Phones & Accessories > Cell Phones,Cell Phones,ref=zg_bsnr_nav_wireless_1,https://www.amazon.com/gp/new-releases/wireless/7072561011/ref=zg_bsnr_nav_wireless_1,B0FXY18C1J,2,31,"Samsung Galaxy A17 5G Smart Phone, 128GB, Large AMOLED, High-Res Camera, Durable Design, Super Fast Charging, Expandable Storage, Circle to Search, 2025, US 1 Yr Manufacturer Warranty, Black",,$199.99,4.2,523,"YOUR CONTENT, SUPER SMOOTH: The ultra-clear 6.7"" FHD+ Super AMOLED display of Galaxy A17 5G helps bring your content to life, whether you're scrolling through recipes or video chatting with loved ones.¹",LIVE FAST. CHARGE FASTER: Focus more on the moment and less on your battery percentage with Galaxy A17 5G. Super Fast Charging powers up your battery so you can get back to life sooner.²,"MEMORIES MADE PICTURE PERFECT: Capture every angle in stunning clarity, from wide family photos to close-ups of friends, with the triple-lens camera on Galaxy A17 5G.","NEED MORE STORAGE? WE HAVE YOU COVERED: With an improved 2TB of expandable storage, Galaxy A17 5G makes it easy to keep cherished photos, videos and important files readily accessible whenever you need them.³","BUILT TO LAST: With an improved IP54 rating, Galaxy A17 5G is even more durable than before.⁴ It’s built to resist splashes and dust and comes with a stronger yet slimmer Gorilla Glass Victus front and Glass Fiber Reinforced Polymer back.",https://m.media-amazon.com/images/I/71Ss7HzbhUL._AC_SX342_.jpg,data/amazon_3c/bsr_new_releases/images/B0FXY18C1J.jpg,https://www.amazon.com/dp/B0FXY18C1J,,ok,ok,
New Releases,Cell Phones & Accessories,Cell Phones & Accessories > SIM Cards & Prepaid Minutes,SIM Cards & Prepaid Minutes,ref=zg_bsnr_nav_wireless_1,https://www.amazon.com/gp/new-releases/wireless/3345523011/ref=zg_bsnr_nav_wireless_1,B0GGB916NZ,1,31,"Data Only SIM Card with 1GB Trial, 5G/4G LTE for Mobile WiFi Hotspot, Router, Tablet, Laptop & IoT Devices, 3-in-1 SIM Card & No Contract | USA Wide Coverage",Visit the YCTEL Store,$3.99,4.2,21,"Flexible Data Plans: YCTEL SIM cards offer a 1GB free trial of data (valid for 30 days, whichever comes first), and provide flexible data plans from 5GB to 100GB, with validity periods ranging from 1 month to 2 years. You can freely combine data allowances and validity periods to perfectly match your project or usage needs","Easy Setup: Most devices automatically recognize the card upon insertion, no activation required. Supports AT&T, T-Mobile, and Verizon; most modern devices will automatically select the network with the best signal upon connection. This is a data-only SIM card; phone numbers, voice calls, and SMS functionality are not included","No Contract Required: No activation fees, no hidden charges. Activate, change, or renew your prepaid plan online anytime and stay connected. Enjoy service from the first connection, and recharge anytime when your trial plan runs out","Wide Compatibility: This 3-in-1 SIM card is compatible with almost all unlocked 5G/4G devices, including mobile phones, tablets, hotspots, routers, security cameras, hunting tracking cameras, solar cameras and other IoT devices","Support Available: Please feel free to contact us if you have any questions. For optimal performance, please ensure your device supports 4G/LTE or later and is compatible with major US network bands (e.g., B2, B4, B5, B12, B13, B14, B17, B25, B26, B30, B66, B71). Some older devices that only support 2G/3G may not be able to connect",https://m.media-amazon.com/images/I/71GvjsQM2CL._AC_SX342_.jpg,data/amazon_3c/bsr_new_releases/images/B0GGB916NZ.jpg,https://www.amazon.com/dp/B0GGB916NZ,,ok,ok,
New Releases,Camera & Photo,Camera & Photo > Accessories,Accessories,ref=zg_bsnr_nav_photo_1,https://www.amazon.com/gp/new-releases/photo/172435/ref=zg_bsnr_nav_photo_1,B0GDWQM5G2,1,31,"Easy Hood Case for Canon PowerShot IXY 650/ELPH 360 Camera, Soft Silicone Camera Cover with Removable Lens Cap, Slim Fit Anti-Scratch Carrying Protective Case Camera Body Skin Sleeve (Black)",Visit the Easy Hood Store,$15.99,4.6,75,"COMPATIBILITY: Designed Specifically for Canon PowerShot IXY 650 (ELPH 360) digital cameras only. Does not fit other digital cameras. Note: Only one silicone camera case is included in the package, not the camera.","OVERALL PROTECTION: Soft silicone won't damage your camera body. Using camera cover protects your camera from accidental drops, bumps, dust, slips, scratches, and everyday wear and tear, while keeping the camera body free from dust and stains.",REMOVABLE LENS CAP: Specially designed IXY650 silicone case includes a detachable lens cap. The lens cap does not obstruct the lens during shooting while effectively preventing scratches when not in use.,"PRECISE HOLES: Upgraded camera case precisely fits the ELPH 360 camera. It doesn't block the camera screen and allows easy access to all function buttons, battery door, charging port, memory card, shutter release, strap hook, lens and more. In addition, a 1/4-inch tripod hole on the bottom allows for tripod mounting.","SOFT AND COMFORTABLE: Camera case is made of high quality silicone. Lightweight, durable and easy to clean. High-quality silicone ensures extended use without tearing, even with frequent removal. Anti-slip textures on both the front and back enhance grip and prevent the camera from slipping out of your hands.",https://m.media-amazon.com/images/I/51XzmJXiosL._AC_SX342_.jpg,data/amazon_3c/bsr_new_releases/images/B0GDWQM5G2.jpg,https://www.amazon.com/dp/B0GDWQM5G2,,ok,ok,
New Releases,Camera & Photo,Camera & Photo > Bags & Cases,Bags & Cases,ref=zg_bsnr_nav_photo_1,https://www.amazon.com/gp/new-releases/photo/172437/ref=zg_bsnr_nav_photo_1,B0GHSYKB1W,2,31,"Case for DJI Osmo Pocket 3/Xtra Muse Camera, Soft Silicone Protective Case, Slim Fit Skin with mic Cover and Screen Protector Accessories for Osmo Pocket 3/Xtra Muse,Anti-Scratch (Pink)",Visit the Frevyve Store,$16.99,4.5,64,"Compatible Models: Case for DJI Osmo Pocket 3 / Xtra Muse camera. No need to disassemble, does not affect the use of camera functions, captures and records beautiful moments anytime, anywhere. This Pocket 3 silicone case provides comprehensive protection for all camera accessories. Xtra Muse Users Please Note: The microphone cover is only compatible with the Pocket 3 original microphone","Premium Materials: Made from premium eco-friendly silicone material, odor-free, lightweight and portable, with a comfortable grip and vibrant colors to enhance your camera and brighten your mood. Protect your Osmo Pocket 3 or Xtra Muse camera from scratches, damage, and dirt. This silicone case is extremely lightweight at just 45 grams, adding no extra burden to your camera","Perfect Fit: Custom designed for DJI Osmo Pocket 3 / Xtra Muse camera, All buttons on the Osmo Pocket 3 / Xtra Muse camera function normally, Does not obstruct the screen, lanyard hole, joystick, microphone and windshield installation, tripod mount, or other Osmo Pocket 3 external accessories. This protective case fits the Pocket 3 / Xtra Muse perfectly without any interference","Supports Expansion: This Osmo Pocket 3 / Xtra Muse camera silicone case features a compact design that easily fits into a pocket, camera bag, or suitcase. but it also not affect compatibility with other Osmo Pocket 3 / Xtra Muse accessories to. Meet all your photography needs","Packaging and Professional Support: Pocket 3/Xtra Muse Camera Body Protector Case*1, Lens Protector*2, Screen Protector*2, 1/4 Thread Handle Protector*1, Battery Handle Protector*1, MIC Protector*1, Anti-lost Rope*1. This Pocket 3 silicone case can provide fully protection for every accessory of the camera. (NOT include camera and other accessories), Any concerns or questions about Pocket 3/Xtra Muse Case, please feel free to contact us",https://m.media-amazon.com/images/I/61qIK6Q6jgL._AC_SY355_.jpg,data/amazon_3c/bsr_new_releases/images/B0GHSYKB1W.jpg,https://www.amazon.com/dp/B0GHSYKB1W,,ok,ok,
New Releases,Camera & Photo,Camera & Photo > Binoculars & Scopes,Binoculars & Scopes,ref=zg_bsnr_nav_photo_1,https://www.amazon.com/gp/new-releases/photo/499320/ref=zg_bsnr_nav_photo_1,B0G5ZSSN1N,2,31,12x42 UHD Binoculars for Adults High Powered Waterproof Large View with Clear Vision & Compact Binocular Essentials for Hunting Camping Cruise Travel Bird Watching Sports,Visit the MIXIO Store,$39.99,4.9,47,"👉High Powered Binoculars: Condense 12x magnification into a 42mm objective lens—MIXIO binoculars deliver a 305ft/1000-yard field of view while tipping the scales at just 1.5lb. The binoculars for adults feature 20mm eyepiecesthat deliver clear, distortion-free images.These binoculars for adults high powered are perfect for camping , travel, cruises, bird watching, hunting, hiking, operas, concerts, sports events, and stargazing.","👉Engineered for Explorers & Nature Lovers: Boasting exceptional low-light performance, these binoculars feature BAK4 prisms that boost light transmission to 99.8%, eliminating dark edges for pristine clarity. These compact binoculars feature fully multi-coated (FMC) lenses, they reduce glare while producing crisp, vibrant images—from detailed mountain landscapes and wildlife close-ups to starry night skies. Experience an unparalleled viewing journey.","👉Adjustable Eyecups for Every User: MIXIO binoculars feature an adjustable eyepiece design that is suitable for both eyeglass wearers (ensuring a full field of view) and those who do not wear glasses (preventing darkening at the edges of the image).With these hunting binoculars, you can enjoy a clear 360° view—without squinting—whether you’re tracking soaring eagles or searching for deer in dense forests. The travel binoculars stay in focus from dawn to dusk, ensuring a comfortable viewing experience all day long.","👉 Tailored to your vision needs: Adjust the precision-machined central wheel in the middle of the compact binoculars to fine-tune clarity for both eyes, eliminate double vision, and achieve a seamless transition from close-up to infinity. The non-slip texture on the surface of the high powered binoculars provide reliable tactile feedback for the focus knob, allowing for easy operation even with wet hands or while wearing gloves. The diopter adjustment ring on the right eyepiece allows for adjustments to accommodate individual vision differences, ensuring a personalized viewing experience.","👉Rugged Durability & Waterproofing: Designed for extreme environments, these binoculars for cruise ship feature a military-grade shock-resistant construction and waterproof design. Binoculars for bird watching are built to withstand saltwater corrosion and harsh conditions. The rubber grips on both sides feature a 360° ergonomic design, ensuring a secure hold during hunting, fishing, or boating trips—built to withstand the most demanding adventures.",https://m.media-amazon.com/images/I/810Sh8tJriL._AC_SY355_.jpg,data/amazon_3c/bsr_new_releases/images/B0G5ZSSN1N.jpg,https://www.amazon.com/dp/B0G5ZSSN1N,,ok,ok,
New Releases,Camera & Photo,Camera & Photo > Camcorders,Camcorders,ref=zg_bsnr_nav_photo_1,https://www.amazon.com/gp/new-releases/photo/172421/ref=zg_bsnr_nav_photo_1,B0GRH9X7R7,1,31,"8K Video Camera 88MP UHD WiFi Vlogging Cameras for YouTube 18X Digital Zoom IR Night Vision 3.0'' Touch Screen Camcorder with 32GB Card, Microphone, Lens Hood, Stabilizer, Remote, Two Batteries",Brand: FlyFrost,$143.96,4.5,182,"【2026 Latest 8K ULTRA HD & 88MP Video Camera】This video camera records videos up to 8k resolution at 15FPS, and captures 88MP High-resolution Image with advanced 6-axis gyroscope autofocus. The 8K video camera definitely producing sharp, clear images and smooth, stable video recording. Built-in 3 inch touch screen youtube camera supports 270°rotation and 18X digital zoom, which allows you to capture and records with precision.","【8K Wifi Camcorder & IR Night Vision】Our 8K video cameras supports WiFi fast transmission, download ""iSmart DV2"" APP, then simply connected your camcorder with Android /IOS smartphone and tablets. Then you can fast view, browse, share, transfer images and videos via mobile devices without any annoyed cable, you can also remote control the camera by App. Just press ''OK'' button, this YouTube camera with IR night vision, you can capture black and white photos or videos in dimly lit or dark environments.","【Webcam Function & External Microphone】8K Vlogging camera supports used for live streaming and video calling. Just simply connected our 8k camcorder with computer through the usb cable comes with package and choose ‘‘PC Camera’’ to enter webcam mode, and choose ‘‘General UVC Camera’’ on external camera of social media software. The external microphone reduce wind noise and eliminate background noise effectively.","【Lens Hook & Handheld Stabilizer & Remote Control】Our 8K Digital Video Camera comes with lens hook for blocking excess light, not only protect your camcorder lens from accident break, also keep your images avoid overexposed. Fordable stabilizer allow you recording stable 8K video from different angle. This 8k YouTube camera with 2.4G wireless technology, you can remote control the digital video recorder within 60 feet from different direction.","【Multifunctional 8K Camcorder & After-Sale Support】8K digital camera has many powerful features, like pause function, face detection, slow motion, continuously shooting, time-lapse recording, selfie, anti-shake, self-timer, time-lapse shooting, recording while charging, date stamp, USB 2.0 and up to 256GB SD card(256GB SD Card not included, the cameras comes with 32GB card), support tripod and LED light (tripod and LED light not included).Please refer to the user manual for detailed instructions on each button's functions.",https://m.media-amazon.com/images/I/710W+kpNvpL._AC_SY355_.jpg,data/amazon_3c/bsr_new_releases/images/B0GRH9X7R7.jpg,https://www.amazon.com/dp/B0GRH9X7R7,,ok,ok,
New Releases,Camera & Photo,Camera & Photo > DSLR Cameras,DSLR Cameras,ref=zg_bsnr_nav_photo_1,https://www.amazon.com/gp/new-releases/photo/3017941/ref=zg_bsnr_nav_photo_1,B0GGD5WFYT,1,31,"Canon EOS Rebel T7 DSLR Camera with 18-55mm Lens Bundle | 24.1MP APS-C Sensor, Fast AF & Full HD Video | Great for Beginners, Travel & Family Photography (2727C002) + 64GB Card + Bag + More",,$579.00,5.0,3,"Canon USA Authorized. Items Include: Canon EOS Rebel T7, Canon EF-S 18-55mm f/3.5-5.6 IS II Lens, 64GB Memory Card, Camera Bag, Lens Cap Keeper, Hand Strap, Memory Card Wallet, Memory Card Reader, Flexible Tripod, Micro HDMI Cable, 58mm Filter Kit, Cleaning Kit","The Canon EOS Rebel T7 pairs a 24.1MP APS-C CMOS sensor with a DIGIC 4+ processor for crisp stills, Full HD 1080/30p video, and ISO 100–6400 performance. A 9-point AF system with a center cross-type point improves accuracy, while 3 fps continuous shooting supports capturing moving subjects with dependable clarity in diverse lighting.","A bright 3.0"" 920k-dot LCD and optical pentamirror viewfinder offer flexible viewing options, whether shooting in live view or composing traditionally. Built-in Wi-Fi with NFC enables easy pairing to mobile devices for wireless image transfer, remote shooting, and instant sharing through the Canon Camera Connect app.","The T7 supports creative growth with features like Scene Intelligent Auto, Creative Filters, and Basic+ modes. EOS Webcam Utility expands functionality further by turning the camera into a high-quality webcam for livestreaming or video calls. Compatibility with all Canon EF and EF-S lenses allows seamless system expansion.","Included EF-S 18-55mm f/3.5-5.6 IS II lens delivers a versatile 28.8–88mm equivalent range ideal for everyday shooting. Its Optical Image Stabilizer reduces shake for sharper handheld photos, while an aspherical element enhances clarity by minimizing aberrations throughout the zoom range, making it a reliable partner for new photographers.",https://m.media-amazon.com/images/I/814HpL6AR8L._AC_SY355_.jpg,data/amazon_3c/bsr_new_releases/images/B0GGD5WFYT.jpg,https://www.amazon.com/dp/B0GGD5WFYT,,ok,ok,
New Releases,Camera & Photo,Camera & Photo > Digital Picture Frames,Digital Picture Frames,ref=zg_bsnr_nav_photo_1,https://www.amazon.com/gp/new-releases/photo/525460/ref=zg_bsnr_nav_photo_1,B0GTZ1Z4N3,1,31,LeaMea Digital Picture Frame 1280x800 HD IPS Touch Screen 32GB Frameo 10.1 Inch Smart WiFi Digital Photo Frame Auto-Rotate Wall Mount Gifts for Christmas Valentine Mother Day,Brand: LeaMea,$49.99,4.6,15,"【EASY SET-UP】Set up in minutes on WiFi and instantly add photos and videos from your phone using the free Frameo app, available on iOS and Android. Instantly share photos and videos on the Full HD display from anywhere. It’s truly plug-and-play!",【IPS HD Touch Screen】 This 10.1” digital picture frame is featured with 1280*800 Resolution IPS touch screen which allows you to get a nice visual from any angle.,"【Multifunctional Application】 With a magnetic support stand for easy landscape or portrait mode switching, and wall-mounting options, it offers versatile display choices.Multifunctional custom settings, such as play order, image zooming, hide/publish images, adjustable brightness, sleep mode, etc.","【The Perfect Gift】Our digital picture frame is perfect for any occasion, making it an ideal birthday presents for women, men, mom, dad, and best friends.All your precious and cherished moments can be displayed on the digital photo frame instead of just being locked inside your phone.","【Excellent After-Sales Service】Enjoy worry-free ownership with replacements for any quality issues within 1 year, plus life-time technical support.",https://m.media-amazon.com/images/I/71p6LbTcA3L._AC_SY355_.jpg,data/amazon_3c/bsr_new_releases/images/B0GTZ1Z4N3.jpg,https://www.amazon.com/dp/B0GTZ1Z4N3,,ok,ok,
New Releases,Camera & Photo,Camera & Photo > Lenses,Lenses,ref=zg_bsnr_nav_photo_1,https://www.amazon.com/gp/new-releases/photo/499248/ref=zg_bsnr_nav_photo_1,B0GW8LK7DW,1,31,"Retropia Repurposed Disposable DSLR Camera Lens | Unlimited Instant Film-Look Photos | Compact Pancake Lens, 32mm Focal Length & Fixed f/11 Aperture (Canon EF/EF-S DSLR Compatible)",Visit the Retropia Store,$48.75,5.0,,"IMPORTANT: NOT Compatible with any MIRRORLESS cameras. This product is only compatible with DSLR Canon EF mount cameras. For mirrorless compatible Retropia lenses, please browse our other listings.","COMPATIBLE WITH THE FOLLOWING MODELS: Canon EF/EF-S mount DSLR cameras, including EOS 5D, 6D, 7D, 80D, 90D, Rebel series. For different camera models and mount types, please browse the variations available on the listing.","Guaranteed Film Aesthetic: Enjoy unlimited, instant retro-look photos and videos with a dreamy soft blur effect, capturing nostalgic magic with no editing needed","Built for Creative Souls: Retropia empowers content creators to share stories and save time on editing in a retro, vintage-inspired style with small imperfections which make every capture special","Eco-Friendly & Sustainable: We used repurposed film camera lenses to reduce waste and support a greener, more sustainable way to capture memories with no single-use plastics needed",https://m.media-amazon.com/images/I/71IKtW9FUiL._AC_SY355_.jpg,data/amazon_3c/bsr_new_releases/images/B0GW8LK7DW.jpg,https://www.amazon.com/dp/B0GW8LK7DW,,ok,ok,
New Releases,Camera & Photo,Camera & Photo > Point & Shoot Digital Cameras,Point & Shoot Digital Cameras,ref=zg_bsnr_nav_photo_1,https://www.amazon.com/gp/new-releases/photo/330405011/ref=zg_bsnr_nav_photo_1,B0GD64ZKCF,1,31,"Kodak Charmera Key Chain Digital Camera (Random Style Blind Box) with 32 GB Micro SDHC Card and Reader, Memory Card Wallet Bundle",Brand: The Imaging World,$58.99,4.7,12,"Blind Box with 1 of 7 Vintage Designs (Yellow, Blue, Red, White/Cream, Striped/Patterned, Rainbow/Rainbow Variety, or Secret Edition: Transparent version.) - Tiny Digital Camera with Retro Charm","Mimics Single-Use Film Camera Experience - 1.6MP 1/4"" CMOS Sensor",35mm Equivalent f/2.4 Lens - 1440 x 1080 30 fps AVI Video Recording,4 Frames & 7 Filters in Photo Mode - Rear Display & Optical Window Viewfinder,microSD Card Slot & Rechargeable Battery - USB-C for Charging & Image Transfer,https://m.media-amazon.com/images/I/71fh6kdHXoL._AC_SX355_.jpg,data/amazon_3c/bsr_new_releases/images/B0GD64ZKCF.jpg,https://www.amazon.com/dp/B0GD64ZKCF,,ok,ok,
New Releases,Camera & Photo,Camera & Photo > Surveillance Cameras,Surveillance Cameras,ref=zg_bsnr_nav_photo_1,https://www.amazon.com/gp/new-releases/photo/898400/ref=zg_bsnr_nav_photo_1,B0FR8CPD7F,2,31,"eufy Wired Cam C31, 360° Coverage with Pan and Tilt, Indoor and Outdoor, Dual Antenna, Color Night Vision, Local Storage, No Monthly Fee, AI Human/Vehicle/Pet/Cry Detection, 24/7 Continuous Recording",,$49.99,4.5,129,"𝐅𝐥𝐞𝐱𝐢𝐛𝐥𝐞 𝐈𝐧𝐝𝐨𝐨𝐫 &𝐎𝐮𝐭𝐝𝐨𝐨𝐫 𝐔𝐬𝐞：IP66-certified waterproof and dustproof, C31 delivers reliable 24/7 monitring on your patio, garage, driveway, or entryway. Versatile mounting—upright or inverted, resistant bracket and waterproof power cable. Rain or shine, your security never takes a day off.","𝐎𝐧𝐞 𝐂𝐚𝐦𝐞𝐫𝐚, 𝟑𝟔𝟎° 𝐏𝐚𝐧𝐨𝐫𝐚𝐦𝐢𝐜 𝐂𝐨𝐯𝐞𝐫𝐚𝐠𝐞：360° pan and tilt covers your entire room or yard—one camera replaces many. AI auto-tracking follows people, vehicles, and pets in real time, while instant sound and light alarms deter unwanted visitors.","𝐃𝐮𝐚𝐥 𝐄𝐱𝐭𝐞𝐫𝐧𝐚𝐥 𝐀𝐧𝐭𝐞𝐧𝐧𝐚𝐬, 𝟐𝟒/𝟕 𝐒𝐭𝐚𝐛𝐥𝐞 𝐑𝐞𝐜𝐨𝐫𝐝𝐢𝐧𝐠：Dual external antennas lock onto a stronger, more stable Wi-Fi signal—even at a distance, your camera stays online when it matters most.Continuous wired power ensures your camera 24/7 recording, never stops running, no missed moments.","𝐏𝐮𝐫𝐞𝐂𝐨𝐥𝐨𝐫 𝐍𝐢𝐠𝐡𝐭 𝐕𝐢𝐬𝐢𝐨𝐧 𝐋𝐢𝐤𝐞 𝐃𝐚𝐲𝐥𝐢𝐠𝐡𝐭: PureColor captures vivid color video like daylight in the night— no lights, no spotlights, no infrared. An f/1.2 aperture and BSI sensor capture 2.8× more light for crisp, clear night vision, lifelike footage. No blinding spotlights that wash out faces and license plates. Check on your baby or elder in the night without waking anyone. See everything outside in real color, exactly as it is.","𝐍𝐨 𝐌𝐨𝐧𝐭𝐡𝐥𝐲 𝐅𝐞𝐞𝐬, 𝐄𝐯𝐞𝐫：One-time purchase includes ALL features. No hidden fees whatever! Saves you over $300 per year！",https://m.media-amazon.com/images/I/512rx445RwL._AC_SY355_.jpg,data/amazon_3c/bsr_new_releases/images/B0FR8CPD7F.jpg,https://www.amazon.com/dp/B0FR8CPD7F,,ok,ok,
New Releases,Video Games,Video Games > Mac Games,Mac Games,ref=zg_bsnr_nav_videogames_1,https://www.amazon.com/gp/new-releases/videogames/229647/ref=zg_bsnr_nav_videogames_1,B0GMLBSSTD,1,31,"Razer Viper V4 Pro Wireless Esports Gaming Mouse – 49g Ultra Lightweight, Fast & Precise, 50K DPI Optical Sensor, 8K Polling, Gen-4 Optical Switches, Scroll Wheel, USB-C Charging, for PC & Mac – Black",,$159.99,4.7,183,"49G ULTRA LIGHTWEIGHT ESPORTS MOUSE — Built with input from competitive pro players, this wireless mouse is 9% lighter than the previous gen and delivers faster, more agile control for PC gaming","INDUSTRY LEADING SPEED & RELIABILITY — Powered by Razer HyperSpeed Wireless Gen-2, it delivers unrivaled speed and reliability plus more power-efficient with true 8000 Hz polling and 55% lower latency","OPTICAL SCROLL WHEEL FOR COMPETITIVE ACCURACY — Uses optical actuation instead of mechanical for more consistent tracking, increased durability, and tactile feedback designed for precise in‑game control","FOCUS PRO 50K DPI OPTICAL SENSOR GEN-3 — Tracks up to 930 IPS and 90 G acceleration for accurate, high‑speed movement while Frame Sync reduces latency by aligning sensor data with the PC for ultimate precision and responsive in‑game control that competitive players expect","LONG BATTERY LIFE — Improved wireless efficiency provides up to 180 hours at 1000 Hz or up to 45 hours at 8000 Hz, letting players choose between extended battery life or ultra‑low latency performance",https://m.media-amazon.com/images/I/51Vqc9mwhLL._AC_SY355_.jpg,data/amazon_3c/bsr_new_releases/images/B0GMLBSSTD.jpg,https://www.amazon.com/dp/B0GMLBSSTD,,ok,ok,
New Releases,Video Games,Video Games > Microconsoles,Microconsoles,ref=zg_bsnr_nav_videogames_1,https://www.amazon.com/gp/new-releases/videogames/19497043011/ref=zg_bsnr_nav_videogames_1,B00LG0I9ZQ,2,31,"8BitDo 64 Bluetooth Controller for Analogue 3D, Switch, Switch 2, Windows, and Android (Grey)",Visit the 8Bitdo Store,$44.91,4.4,191,"Compatible with Analogue 3D, Switch, Switch 2, Windows, and Android. (Switch 2 compatibility requires latest firmware update)",Bluetooth or Wired USB connection,D-input and S-input modes,Vibration supported on Analogue 3D and Switch 1/2 (Nintendo 64 Online only),Turbo function,https://m.media-amazon.com/images/I/61OYbRiw6sL._SX342_.jpg,data/amazon_3c/bsr_new_releases/images/B00LG0I9ZQ.jpg,https://www.amazon.com/dp/B00LG0I9ZQ,,ok,ok,
New Releases,Video Games,Video Games > More Systems,More Systems,ref=zg_bsnr_nav_videogames_1,https://www.amazon.com/gp/new-releases/videogames/294940/ref=zg_bsnr_nav_videogames_1,B0GLDN85ZG,2,31,"Stylus Pen for Apple iPad 2018–2026, Wireless Charging iPad Pencil 2nd Generation &1st Generation with Tilt Sensitivity& Palm Rejection, 2X Fast Charge Pencil for iPad A16 Pro 11/12.9/13, Air, Mini",Visit the Xpencifan Store,$18.99,4.7,179,"【Compatible with 2018-2026 iPad】This stylus pen for iPad is compatible with 2018–2026 iPad models, including iPad 11th/10th/9th/8th/7th/6th Gen, iPad Pro 13"" M4, iPad Pro 11"" (1st/2nd/3rd/4th/M4), iPad Pro 12.9"" (3/4/5/6 Gen), iPad Air 3rd/4th/5th/M2/M3/M4, iPad Mini 5th/6th Gen. For Pencil Pro–style iPad models, not compatible with iPads released before 2018 or other devices. Please check the model image before ordering.","【Dual Fast Charging: Wireless & USB-C Direct Charge】This ipad pencil Pro fully charges in just 15 minutes and provides up to 12 hours of continuous use.Designed for iPads that support ipad pen 2nd generation features, this stylus supports magnetic charging and direct USB-C charging by plugging into the iPad. Please note that magnetic charging and direct plug charging are only available on selected iPad models. Refer to the product images to confirm compatibility.","【Tilt Sensitivity & Pixel-Perfect Precision】With advanced tilt sensitivity, this ipad stylus provides smooth shading, varied line thickness, and pixel-level precision, delivering a natural writing and drawing experience similar to ipad Pencil 1st generation–supported features. Every stroke is responsive with no lag, no skipping, and no breakpoints. As a high-performance ipad pencil usb c, it’s the perfect replacement for ipad pencil a16 & ipad a16 pencil.","【Palm Rejection & Magnetic Attachment】Designed for iPads compatible with Pencil usb c, this stylus pen features palm rejection technology, allowing natural hand placement while writing or drawing.. Enjoy a paper-like writing experience with high accuracy and control, perfect for students, office users, and creators using ipad a16 pencil Pro for daily tasks. The built-in strong magnets let this pen for ipad.","【Durable 1.0mm Replaceable Tips】This ipad stylus accessories includes 3 replaceable 1.0mm pen tips, made from durable polymer material for long-lasting use. The reinforced tip structure helps reduce wear from daily writing and drawing, providing stable performance and consistent precision over time. It’s the perfect alternative to the original pencil 1st generation pencil 2nd generation.",https://m.media-amazon.com/images/I/41dlsNtGXtL._AC_SY355_.jpg,data/amazon_3c/bsr_new_releases/images/B0GLDN85ZG.jpg,https://www.amazon.com/dp/B0GLDN85ZG,,ok,ok,
New Releases,Video Games,Video Games > Nintendo 3DS & 2DS,Nintendo 3DS & 2DS,ref=zg_bsnr_nav_videogames_1,https://www.amazon.com/gp/new-releases/videogames/2622269011/ref=zg_bsnr_nav_videogames_1,B0GK27TX1F,1,26,"JDGPOKOO 5 in 1 Accessories Kit for Nintendo 2DS, Carrying Case for 2DS, Clear Shell Case, 2 Set Screen Protectors and Charging Cable Compatible with Nintendo 2DS ONLY",Visit the JDGPOKOO Store,$20.99,4.7,19,"【All-in-One Protection & Storage】Ours 5-in-1 case kit compatible with 2DS provides a complete protection and storage solution for your 2ds, including a durable carrying case, PC protective case, 2 sets screen protectors, and charging cable—everything you need in one package.","【Travel-Friendly Carrying Case】Designed for gamers on the go, carrying case made of nylon materials and soft fabric lining offering excellent protection for your 2ds from dust and damage. The storage pouch can hold your other accessories, and the securing strips will keep your console securely fastened inside the bag.",【Foldable Crystal Case】This clear case shell cover compatible with nintendo 2DS is designed to offer all-around external surface protection to your device. Allowing easy access to all buttons and ports. Foldable design makes it easy to take the device out and put it in. Transparent colors make it easy to show off your device and provide a more stylish look.,"【2 Set Screen Protectors】The screen protector is soft film, super thin & sturdy design, Not only does it protect the screen of the console, it also provides a sensitive touch and also protects your eyes.The main purpose is to prevent scratches.","【Charge and Play Anytime】Featuring a standard USB charging port, it fits neatly into your storage bag, always ready to charge your gaming console. 3.4 FT cable length supports charging while you play, letting you enjoy uninterrupted gaming fun while keeping your devices fully charged.",https://m.media-amazon.com/images/I/61r3aBdyZ4L._SX342_.jpg,data/amazon_3c/bsr_new_releases/images/B0GK27TX1F.jpg,https://www.amazon.com/dp/B0GK27TX1F,,ok,ok,
New Releases,Video Games,Video Games > Nintendo DS,Nintendo DS,ref=zg_bsnr_nav_videogames_1,https://www.amazon.com/gp/new-releases/videogames/11075831/ref=zg_bsnr_nav_videogames_1,B0GSCCJW1V,2,21,"GUBASA gameboy advance sp Charger Bundle: AC Wall Adapter & USB C to GBA SP Charging Cable, Gameboy SP Charger Compatible with Nintendo DS/GBA SP Systems, Portable Travel Gameboy Advance Charger Set",Brand: gubasa,$6.49,1.0,2,"2-in-1 Charging Combo – This bundle includes a classic gameboy advance charger and a USB-C to GBA SP adapter cable, giving you flexible charging options whether you're at home or on the go.","Modern Power, Retro Gaming – Use the included gba sp charger for traditional wall charging, or plug the USB-C adapter into any modern power source—like laptops, power banks, or USB-C wall chargers—to keep your gameboy sp charger ready anytime, anywhere.","Fast & Safe Charging Technology – Both the wall charger and USB-C adapter feature built-in safeguards against overcharging, overheating, and short circuits, ensuring your GBA SP stays protected while charging efficiently.","Compact & Travel-Friendly – The foldable plug on the gameboy advance charger and the ultra-short 10cm USB-C adapter cable make this set perfect for travel, daily commutes, or gaming on the move.","Durable & Reliable Build – Crafted with high-quality materials like 24AWG pure copper wire, a flexible PVC jacket, and reinforced ABS connectors, this gba sp charger set is built to withstand thousands of uses without fraying or breaking.",https://m.media-amazon.com/images/I/612UYqsQ3CL._SX342_.jpg,data/amazon_3c/bsr_new_releases/images/B0GSCCJW1V.jpg,https://www.amazon.com/dp/B0GSCCJW1V,"Best Sellers Rank #1,365 in Video Games ( See Top 100 in Video Games ) #12 in Game Boy Advance Accessories #19 in Nintendo DS Accessories Package Dimensions 4.45 x 3.43 x 1.14 inches; 2.4 ounces Type of item Video Game Language English Item Weight 2.39 ounces Manufacturer gubasa Date First Available March 10, 2026",ok,ok,
New Releases,Video Games,Video Games > Nintendo Switch,Nintendo Switch,ref=zg_bsnr_nav_videogames_1,https://www.amazon.com/gp/new-releases/videogames/16227128011/ref=zg_bsnr_nav_videogames_1,B0GKPV34CK,3,31,Tomodachi Life: Living the Dream,,$68.99,4.8,257,"After over ten years, Tomodachi Life is back! Tomodachi Life: Living the Dream comes to Nintendo Switch on the 16th of April 2026.","On a small island floating in the sea, Mii characters live their own carefree lives. You're in charge of this island, so create anyone you’d like to live here as Mii characters, like ones based on friends, family and even yourself.","Then, choose their personality, voice, and help your Mii characters enjoy their island life however they see fit. You can see what’s on their minds, help them solve problems, watch them interact, cultivate their friendships and more.",,,https://m.media-amazon.com/images/I/81r3vvmS0IL._SY445_.jpg,data/amazon_3c/bsr_new_releases/images/B0GKPV34CK.jpg,https://www.amazon.com/dp/B0GKPV34CK,"Best Sellers Rank #281 in Video Games ( See Top 100 in Video Games ) #18 in Nintendo Switch Games Package Dimensions 6.61 x 4.13 x 0.47 inches; 1.76 ounces Type of item Video Game Language English Rated Everyone Item Weight 1.76 ounces Manufacturer Nintendo Date First Available April 9, 2026",ok,ok,
New Releases,Video Games,Video Games > Nintendo Switch 2,Nintendo Switch 2,ref=zg_bsnr_nav_videogames_1,https://www.amazon.com/gp/new-releases/videogames/206234609011/ref=zg_bsnr_nav_videogames_1,B0GZSLD685,1,31,Star Fox™ - Nintendo Switch 2,,$69.99,5.0,,Blast off on a high-octane adventure to save a star system from invasion,"Tear through space, soar across planets, and shoot loads of foes out of the sky at every step of the way","A cinematic take on the Star Fox 64 story, featuring fully voiced dialogue, an epic orchestral soundtrack, and a complete visual overhaul for the Nintendo Switch 2 system","Enter first-person mode to experience the action from inside the cockpit, and even use mouse controls to fly",Invite a second player* to join you as a gunner using Nintendo Switch 2 mouse controls,https://m.media-amazon.com/images/I/81CWQ+F4FoL._SY445_.jpg,data/amazon_3c/bsr_new_releases/images/B0GZSLD685.jpg,https://www.amazon.com/dp/B0GZSLD685,"Best Sellers Rank #12 in Video Games ( See Top 100 in Video Games ) #3 in Nintendo Switch 2 Consoles, Games & Accessories Package Dimensions 6.69 x 4.13 x 0.43 inches; 2.08 ounces Type of item Video Game Language English Rated Everyone 10+ Item model number BEEPABGWA Item Weight 2.08 ounces Manufacturer Nintendo Date First Available May 6, 2026",ok,ok,
New Releases,Video Games,Video Games > PC Games,PC Games,ref=zg_bsnr_nav_videogames_1,https://www.amazon.com/gp/new-releases/videogames/229575/ref=zg_bsnr_nav_videogames_1,B0G12HGHGM,1,31,"Logitech PRO X2 SUPERSTRIKE Lightspeed Wireless Gaming Mouse, Ultra-Fast Performance, Ultra Lightweight (61 g), Customizable Click Haptics, USB-C Charging, for PC/Mac/Laptop - White",,$179.99,4.8,187,"Designed With Pros, Engineered to Win: Designed alongside the world’s best esports athletes, the Logitech G PRO X2 SUPERSTRIKE wireless gaming mouse delivers the fastest, fully customizable click",Dominate with industry-leading speed: 30 ms faster clicks for peak performance in every esports match and deep customization with 10-level actuation points and 5-level rapid trigger reset,Haptic Feedback: This breakthrough haptic gaming mouse with Haptic Inductive Trigger System (HITS) gives real-time feedback for an unmatched immersive experience for any game scenario or play style,"Precision from Within: The HERO 2 sensor in this PC gaming mouse delivers tracking at over 888 IPS, 88 g-force, and up to 44,000 DPI — ensuring the pinpoint accuracy that champions rely on for every play","Play Longer : With 60-90 hours battery life and LIGHTSPEED Wireless, this rechargeable gaming mouse(with included USB-A to USB-C cable) delivers lag-free 8 kHz polling for uninterrupted focus",https://m.media-amazon.com/images/I/51+51Ur4jzL._AC_SY355_.jpg,data/amazon_3c/bsr_new_releases/images/B0G12HGHGM.jpg,https://www.amazon.com/dp/B0G12HGHGM,,ok,ok,
New Releases,Video Games,Video Games > PlayStation 3,PlayStation 3,ref=zg_bsnr_nav_videogames_1,https://www.amazon.com/gp/new-releases/videogames/14210751/ref=zg_bsnr_nav_videogames_1,B0GQZ2BXJK,1,11,"Hopevry 2 Pack Controller for PS3 | Wireless Controller for Sony Playstation 3 | Double Shock 3, Bluetooth, Rechargeable, Remote for PS3 | Including 2 USB Cables (Black)",Brand: Hopevry,$24.99,3.9,22,"【Universal Compatibility - PS3 & Windows PC】 These wireless controllers work seamlessly with Sony PlayStation 3 consoles and Windows PC (7/8/10). Simply connect and start playing - no driver installation needed. For PC gaming, use the included USB cable for instant plug-and-play functionality.","【Dual Vibration & 6-Axis Motion Control】 Experience realistic gameplay with built-in dual vibration feedback that responds to every in-game action - feel each impact, crash, and shot. The advanced 6-axis motion sensing technology allows intuitive gesture-based control, letting you steer, aim, and interact by simply moving the controller",【Extended Playtime & Wireless Freedom】 Equipped with a powerful 600mAh rechargeable battery delivering 5-8 hours of continuous gaming on a single charge. Enjoy wireless gameplay up to 33 feet away from your console with stable Bluetooth connectivity. Smart auto-sleep mode conserves battery when idle.,"【Professional-Grade Durability & Precision】 Engineered with premium components that have passed rigorous 10,000,000 button press endurance testing. Features ultra-responsive buttons with zero input lag for competitive gaming. Dual analog joysticks offer full 360-degree control with anti-slip grips and zero dead zones for pixel-perfect accuracy.","【Complete Gaming Package & Worry-Free Service】 Your package includes 2 wireless controllers, 2 USB charging cables (2.5ft each) - everything needed for multiplayer action. Backed by our lifetime hassle-free return and refund policy with 24/7 customer support.",https://m.media-amazon.com/images/I/71pYoFCuAPL._SX342_.jpg,data/amazon_3c/bsr_new_releases/images/B0GQZ2BXJK.jpg,https://www.amazon.com/dp/B0GQZ2BXJK,,ok,ok,
New Releases,Video Games,Video Games > PlayStation 4,PlayStation 4,ref=zg_bsnr_nav_videogames_1,https://www.amazon.com/gp/new-releases/videogames/6427814011/ref=zg_bsnr_nav_videogames_1,B0GSZFLQS7,1,31,"BJXOZ Wireless Controller for PS4, Gamepad with Dual Vibration, Six-axis Gyroscope Sensor, Touchpad, Built-in Speaker & Headphone Jack, Compatible with PS4/Slim/Pro/PC",Brand: BJXOZ,$15.99,4.4,930,"🎮【Controller Compatibility】Designed specifically for PS4 / PS4 Pro / PS4 Slim and PC. Built with upgraded components to solve common issues like low sensitivity, unresponsive buttons, and connection instability.(Reminder: First-time connection requires activation via the included USB cable.)","🎮【Fast Response & No Lag】Enjoy low-latency gameplay with fast and accurate input response. Every press and movement is registered instantly — no delay, no missed actions.Perfect, sports, and competitive games where reaction speed matters.","🎮【Precision Control, No Stick Drift】Upgraded analog sticks and optimized button layout deliver smooth, precise control.Designed to reduce issues like stick drift, dead zones, and delayed response — giving you consistent performance every time.",🎮【Immersive Vibration & Audio】Feel every moment with dynamic dual vibration feedback that reacts to in-game actions.The built-in 3.5mm audio jack lets you plug in your headset for a fully immersive experience without disturbing others.,"🎮【Easy Support & Quick Solutions】If you experience any issues such as connection problems, pairing failure, no response, or flashing light, please contact us directly through.We are committed to providing fast support and a satisfactory solution — no hassle, no worry.",https://m.media-amazon.com/images/I/71BgBR+rvQL._SX342_.jpg,data/amazon_3c/bsr_new_releases/images/B0GSZFLQS7.jpg,https://www.amazon.com/dp/B0GSZFLQS7,,ok,ok,
New Releases,Video Games,Video Games > PlayStation 5,PlayStation 5,ref=zg_bsnr_nav_videogames_1,https://www.amazon.com/gp/new-releases/videogames/20972781011/ref=zg_bsnr_nav_videogames_1,B0FY929QN1,1,31,Resident Evil Requiem Amazon Exclusive Edition - PlayStation 5,Visit the Capcom Store,$69.99,4.8,596,Preorder now and receive exclusive two-sided poster at launch - 2/27/26. * poster included in game package.,"Grace Ashcroft, an FBI intelligence analyst who is introverted and easily scared, representing a new type of character for the Resident Evil series. Grace will experience horror from the same perspective as the player as she learns to overcome her fears throughout the course of the story.","For the first time ever in Resident Evil history, players will be able to freely switch between both first- and third-person perspectives throughout the game.","An Anniversary to Remember: With March 2026 marking the Resident Evil series’ 30-year anniversary, Resident Evil Requiem marks its own milestone in the franchise.","Pre-orders for Resident Evil Requiem are now open, with the bonus of Grace’s costume: Apocalypse. Please note that the picture weapon does not come with the costume, but it can be obtained in-game.",https://m.media-amazon.com/images/I/81oaM+XencL._SX342_.jpg,data/amazon_3c/bsr_new_releases/images/B0FY929QN1.jpg,https://www.amazon.com/dp/B0FY929QN1,"Best Sellers Rank #91 in Video Games ( See Top 100 in Video Games ) #5 in PlayStation 5 Games Package Dimensions 6.65 x 5.35 x 0.63 inches; 3.35 ounces Type of item Video Game Language English Rated Mature Item model number 58036 Item Weight 3.34 ounces Department Adults Manufacturer Capcom Date First Available October 29, 2025",ok,ok,
New Releases,Video Games,Video Games > PlayStation Vita,PlayStation Vita,ref=zg_bsnr_nav_videogames_1,https://www.amazon.com/gp/new-releases/videogames/3010556011/ref=zg_bsnr_nav_videogames_1,B0GKP5WDFG,1,12,"2026New Retro Game Console,40000+Games and 23 Emulators, with Dual 2.4G Wireless Controllers, Plug and Play 4K HD HDMI TV Game Stick White",Brand: TEFELE,$39.99,3.8,22,【M15 game console has a Massive storage space of 128GB】 Retro games console allows players to play large-scale 3D game simulators and is equipped with 23 game simulators. A variety of classic games are suitable for users of all ages. Opening the game box can evoke memories of childhood for adults,"【4K HD Picture Quality】The game console is equipped with 4K HDMI output and comes with an extended HDMI cable for different displays. Whether you play games on a TV, projector or monitor, this retro game console can provide high-definition images and smooth performance, It is really a perfect match for gamers who want to experience retro games with a modern style, combining nostalgia with high-definition picture quality","【Plug and Play & Convenient to Use】Just connect the game's USB port to the TV's power supply, plug it into the TV's HDMI port, switch the TV to a high-definition channel, and the game menu will appear on the screen for you to choose. Insert two 2.4g wireless controllers and assemble 2 AAA batteries for each controller (not included), You can enjoy the joy of playing this game","【The Newest Equipment】The retro video game console is equipped with two 2.4GHz wireless game controllers, with stable connection and almost zero delay, the video game console supports 2 people playing games at the same time, avoiding the interference of wires during the game, When you start the game, the controller will automatically connect to the joystick, Then you can freely enjoy a smooth and responsive gaming experience","【Perfect Gift for Players】This gaming console seems to be perfect for people of all ages. The video retro gaming console compact and portable design allows you to take it with you, whether you are visiting a friend's house, a family reunion, a camping trip, or as a gift box for friends and family",https://m.media-amazon.com/images/I/71gXPb1YCIL._AC_SY355_.jpg,data/amazon_3c/bsr_new_releases/images/B0GKP5WDFG.jpg,https://www.amazon.com/dp/B0GKP5WDFG,,ok,ok,
New Releases,Video Games,Video Games > Sony PSP,Sony PSP,ref=zg_bsnr_nav_videogames_1,https://www.amazon.com/gp/new-releases/videogames/11075221/ref=zg_bsnr_nav_videogames_1,B0GC7H567H,1,8,Battery for Sony PSP 2000 3000: Model PSP-S110 Portable Replacement Battery Pack 3.6V 1200mAh for Sony PlayStation PSP 2001 3001 Slim,Visit the ROYEUEU Store,$11.99,4.6,8,"Perfect Compatibility: Model PSP S110 S360 S280 battery compatible with Sony PSP 2000/3000 series, PSP Lite and PSP Slim console video games(Not fit for PSP 1000), please check your device model before purchasing","Long-Lasting Durability: 3.6 V 1200 mAh lithium polymer upgraded battery is the same as the original compatible Sony PSP battery, have a long service life","Safe to Use: PSP-3001 rechargeable battery has a built-in microchip to prevent overcharging, over-discharging, short-circuiting, overheating, etc., to ensure the safety of the battery",Easy installation: Simply install the upgraded PSP3000 battery into the gaming console battery slot and cover it with the PSP battery cover,"Compatible Model: For Sony PSP2000 (2001, 2002, 2003, 2004, 2005, 2006, 2007, 2008, 2010), PSP3000 (3001, 3002, 3003, 3004, 3005, 3006, 3007, 3008, 3010), PSP Lite and PSP Slim",https://m.media-amazon.com/images/I/71I6ThvkboL._AC_SY355_.jpg,data/amazon_3c/bsr_new_releases/images/B0GC7H567H.jpg,https://www.amazon.com/dp/B0GC7H567H,,ok,ok,
New Releases,Video Games,Video Games > Virtual Reality,Virtual Reality,ref=zg_bsnr_nav_videogames_1,https://www.amazon.com/gp/new-releases/videogames/21479453011/ref=zg_bsnr_nav_videogames_1,B0G8Y3LQGY,1,31,Face Pad for Meta Quest 3S Facial Interface for Oculus Quest 3S Accessories Vr Face Cover Replacement with Sweet-Proof PU Leather Foam Cushion Black,Visit the AMZDM Store,$13.49,4.2,26,"【Designed for Meta Quest 3S】A perfect replacement face pad made exclusively for the Meta Quest 3S. Upgrade your comfort and immersion with a cleaner, cooler, and more secure fit — the must-have accessory for every Meta Quest 3S owner.","【Stay Cool with V-Shaped Ventilation】Built with an enhanced V-Shaped airflow structure that reduces heat buildup and helps prevent lens fogging. Enjoy longer, sweat-free gaming sessions with better breathability and zero distractions.","【Soft, Skin-Friendly PU Leather for All-Day Comfort】Crafted with premium PU leather and plush foam cushioning to reduce pressure and irritation. Ideal for extended gameplay, fitness sessions, or sharing your Meta Quest 3S headset with others.",【Fast Velcro Install & a Light-Blocking Nose Guard】Swap pads in seconds with the secure Velcro strap — perfect for quick cleaning or multi-user setups. Includes a soft silicone nose guard to block stray light and boost immersion.,【Fast Velcro Install & a Light-Blocking Nose Guard】Swap pads in seconds with the secure Velcro strap — perfect for quick cleaning or multi-user setups. Includes a soft silicone nose guard to block stray light and boost immersion.,https://m.media-amazon.com/images/I/71euouLW8qL._AC_SY355_.jpg,data/amazon_3c/bsr_new_releases/images/B0G8Y3LQGY.jpg,https://www.amazon.com/dp/B0G8Y3LQGY,,ok,ok,
New Releases,Video Games,Video Games > Wii,Wii,ref=zg_bsnr_nav_videogames_1,https://www.amazon.com/gp/new-releases/videogames/14218901/ref=zg_bsnr_nav_videogames_1,B0GJ14YXYJ,1,31,"Zamia 2 Packs Upgrade Controller with Silicone Case and Wristband,Remote Controller with Nunchunk Compatible for Wii/Wii U Games(White)",Brand: Zamia,$32.99,4.2,15,"Multi-Function Support : The Controller Supports for Wii/Wii U Games ，Built-in Speaker, Features Vibration Feedback Functions Recreate the real scenes of Wii games(Not Include Motion Plus)","Immersive Experience : Use the remotes to move your characters and control them to perform ordered actions.Not only throwing a pass in football or aiming a ranged in an action game,but also many actions can be completed sensitively.Just play with it to Release your pressure","Easy SYNC - Press the ""SYNC"" button on the controller and console separately. Note :If fails, press the console ""SYNC"" button for 15 seconds. Then press the ""SYNC"" button on the controller and console again separately Again","What You Get : Remote Controller*2, Nunchuk*2, Wrist Strap*2. Silicone Case*2, Which Can Perfectly Protect the Controller From Damage During Collision,Note: Each remote control requires 2 AA batteries (not included)","Satisfaction Service - Any Questions, Please Feel Free To Contact Us. We Promise To Offer You 1 Year After Sales Service. You Can Always Contact Us By Email",https://m.media-amazon.com/images/I/61HRyVJuvPL._SX342_.jpg,data/amazon_3c/bsr_new_releases/images/B0GJ14YXYJ.jpg,https://www.amazon.com/dp/B0GJ14YXYJ,,ok,ok,
New Releases,Video Games,Video Games > Wii U,Wii U,ref=zg_bsnr_nav_videogames_1,https://www.amazon.com/gp/new-releases/videogames/3075112011/ref=zg_bsnr_nav_videogames_1,B0GHCYZLBR,2,17,"KOUROU 8PCS Motion Plus Wii Remote Controllers with Nunchucks, Mario Kart Steering Wheels and Zapper Light Gun (Black)",Brand: KOUROU,$53.99,5.0,3,"🎮【Wii Gaming Bundle】This game bundle includes 2 steering wheels, 2 light guns, 2 Wii Remotes with built-in MotionPlus, 2 nunchuk controllers, 2 silicone protective covers, and 2 wrist straps (batteries not included). Everything your family needs for competitive fun","🎮【Ergonomic Design for Comfortable Grip】The Wii Racing Wheel features a sturdy grip design that enables more responsive steering in racing games. It also reduces hand fatigue during extended play sessions, ensuring a comfortable hold. The lightweight pistol grip incorporates an intuitive trigger button, enhancing aiming precision in shooting games for a realistic gaming experience","🎮【Motion Enhancement】This controller incorporates built-in motion enhancement technology and supports vibration feedback. The upgraded motion-enhanced remote delivers a superior gaming experience compared to the original motion sensor, elevating your gameplay to new heights","🎮【Connection Procedure】 1. Insert 2 1.5V AA batteries into the Wii Remote (batteries not included in the package). 2. Press the button on the back of the Wii Remote, then press the “SYNC” button on the Wii console. 3. If pairing fails, first hold the “SYNC” button on the console for 10 seconds to clear all connected controllers. 4. Then press the “SYNC” buttons on both the Wii controller and the console again","🎮【Universal Compatibility】The Motion Plus Wii Remote seamlessly works with all Wii and Wii U consoles. Supports over 100 popular games: Mario Kart Wii, Ghost Squad, Dead Space: Extraction, Big Hunter, and more. Suitable for players aged 6 and up",https://m.media-amazon.com/images/I/71qTHml9kgL._SX342_.jpg,data/amazon_3c/bsr_new_releases/images/B0GHCYZLBR.jpg,https://www.amazon.com/dp/B0GHCYZLBR,,ok,ok,
New Releases,Video Games,Video Games > Xbox 360,Xbox 360,ref=zg_bsnr_nav_videogames_1,https://www.amazon.com/gp/new-releases/videogames/14220161/ref=zg_bsnr_nav_videogames_1,B0GRW5Q51R,1,23,"Zamia 2 Pack Wired Controller for Xbox 360, Compatible with xbox 360/PC Windows 10/8/7, with Upgraded Joystick, Double Vibration, 2.5mm headphone Jack",Brand: Zamia,$24.90,4.5,21,"【Wide Compatibility & Plug & Play】Designed for Xbox 360 / 360 S / 360 E and PC (Windows 11/10/8/7). Simply connect the 6ft USB cable to start playing—no driver or software required. Wired connection ensures zero-latency operation for instant response. (Note: Not compatible with Xbox One, Xbox Series X/S.)",【Upgraded Components for Precise Control】Features an upgraded joystick that delivers the same sensitivity as the official 360 controller at a more affordable price. Built-in 2.5mm audio jack allows you to plug in your headset for immersive sound. Acceleration/gravity sensors (where applicable) provide an extra dimension of control for compatible games.,"【Immersive Dual-Vibration Feedback】Equipped with dual vibration motors that deliver real-time, game-responsive rumble effects—from collisions and gunfire to engine roars. This tactile feedback deepens immersion and puts you right in the middle of the action.","【Ergonomic Design for Marathon Gaming】The contoured shape follows the natural curve of your palm, reducing hand fatigue and sweat during extended play. Optimized shoulder buttons and streamlined grips ensure a comfortable, secure hold, so you can stay focused on the game for hours.","【Multiplayer Ready & Reliable Support】Supports up to 4 controllers on a single console—perfect for local multiplayer fun with friends and family. Backed by 45-day money-back guarantee, 365-day quality defect warranty, and 24/7 friendly customer support for complete peace of mind.",https://m.media-amazon.com/images/I/61Wbn4Szg9L._SX342_.jpg,data/amazon_3c/bsr_new_releases/images/B0GRW5Q51R.jpg,https://www.amazon.com/dp/B0GRW5Q51R,,ok,ok,
New Releases,Video Games,Video Games > Xbox One,Xbox One,ref=zg_bsnr_nav_videogames_1,https://www.amazon.com/gp/new-releases/videogames/6469269011/ref=zg_bsnr_nav_videogames_1,B0F29F712R,1,31,"GameSir G7 Pro Wireless Gaming Controller - Officially Licensed for Xbox Series X|S, Xbox One, Windows PC & Android, TMR Joysticks, 1000Hz Polling Rate, Charging Dock- Zenless Zone Zero Edition",Visit the GameSir Store,$129.99,4.6,975,"No Stick Drift TMR Joysticks: Enjoy ultra-smooth, precise control with virtually zero stick drift. Powered by advanced Mag-Res TMR technology, it combines the accuracy of traditional sticks with the durability of Hall Effect sensors for long-lasting performance.","Official Xbox Wireless Controller: Officially licensed for Xbox Series X|S and Xbox One, featuring a stable 2.4G wireless connection with fast response and reliable performance. Supports one-press wake-up for seamless console gameplay.","1000Hz Ultra-Low Latency on PC: Achieve up to 1000Hz polling rate on PC via wired or 2.4G wireless for faster, more responsive gameplay. Note: 1000Hz polling rate is supported on PC only. Xbox consoles are optimized for stable and smooth performance.","Official Zenless Zone Zero Edition: Designed in collaboration with HoYoverse, featuring exclusive artwork and a bold, game-inspired design. Perfect for fans and collectors looking to elevate their gaming setup with a unique style.","Hall Effect Analog Triggers: One Controller With two Kinds Triggers, Seamless Switch Between Hall Effect Triggers and Micro triggers! Enjoy precise control with quick toggling for enhanced responsiveness in any game",https://m.media-amazon.com/images/I/71PP-K4uX8L._SX342_.jpg,data/amazon_3c/bsr_new_releases/images/B0F29F712R.jpg,https://www.amazon.com/dp/B0F29F712R,,ok,ok,
New Releases,Video Games,Video Games > Xbox Series X,Xbox Series X,ref=zg_bsnr_nav_videogames_1,https://www.amazon.com/gp/new-releases/videogames/20972798011/ref=zg_bsnr_nav_videogames_1,B0GHC1548X,1,31,Forza Horizon 6 | Standard Edition | Xbox Series X,,$69.99,4.8,,"PRE‑ORDER BONUS — Pre‑order Forza Horizon 6 to receive a pre‑tuned, exclusive Ferrari J50 in‑game, available for a limited time with one per account.","DISCOVER JAPAN — Explore Horizon’s largest map ever, set in Japan and packed with dramatic verticality, diverse biomes, and spectacular open‑road driving routes.","CRUISE ICONIC LOCATIONS — Drive through Tokyo’s city streets, suburbs, docks, and industrial districts in the most expansive urban environment in Horizon history.","DRIVE 550+ REAL‑WORLD CARS — Collect and customize over 550 licensed vehicles with body kits, Forza Aero, window liveries, and enhanced steering animations.",BUILD YOUR ESTATE — Purchase beautiful homes across Japan and customize garages to showcase your growing car collection as you rise through the Horizon Festival.,https://m.media-amazon.com/images/I/819yZBNBmbL._SY445_.jpg,data/amazon_3c/bsr_new_releases/images/B0GHC1548X.jpg,https://www.amazon.com/dp/B0GHC1548X,"Best Sellers Rank #39 in Video Games ( See Top 100 in Video Games ) #1 in Xbox Series X & S Games Product Dimensions 6.73 x 5.31 x 0.5 inches; 2.4 ounces Type of item Video Game Language English Rated Everyone Item model number EP2-71185 Item Weight 2.39 ounces Manufacturer Microsoft Date First Available January 21, 2026",ok,ok,
New Releases,Electronics,Electronics > Accessories & Supplies > Electronics,Electronics,ref=zg_bsnr_unv_electronics_1_281407_1,https://www.amazon.com/gp/new-releases/electronics/ref=zg_bsnr_unv_electronics_1_281407_1,B0GHPTPNWD,4,31,"Google Fitbit Air Active Band - Workout-Friendly Silicone Band - Only Compatible with Fitbit Air - Obsidian, Large",,$34.99,1.0,,Silicone band,Small fits wrists 130-175 mm around,Large fits wrists 165-210 mm around,Sweat and water resistant,Only compatible with Google Fitbit Air.,https://m.media-amazon.com/images/I/51HpaDl7QNL._AC_SX342_.jpg,data/amazon_3c/bsr_new_releases/images/B0GHPTPNWD.jpg,https://www.amazon.com/dp/B0GHPTPNWD,"Best Sellers Rank #70 in Electronics ( See Top 100 in Electronics ) #1 in Arm & Wristband Technology Replacement Bands Special features Compatible with Fitbit Air, Lightweight, Made with recycled materials, Sweat and water resistant Other display features Jewelry Color Obsidian Department unisex-adult Manufacturer Fitbit, Inc. Date First Available May 7, 2026 Units 1 Count",ok,ok,
New Releases,Electronics,Electronics > Accessories & Supplies > Accessories,Accessories,ref=zg_bsnr_nav_electronics_2_281407,https://www.amazon.com/gp/new-releases/electronics/172435/ref=zg_bsnr_nav_electronics_2_281407,B0GCMDMH1X,2,31,"Case for DJI Osmo Pocket 3/Xtra Muse Camera, Soft Silicone Protective Case, Anti-Scratch, Slim Fit Skin with mic Cover and Screen Protector Accessories for Osmo Pocket 3/Xtra Muse (Brown)",Visit the Frevyve Store,$16.99,4.5,64,"Compatible Models: Case for DJI Osmo Pocket 3 / Xtra Muse camera. No need to disassemble, does not affect the use of camera functions, captures and records beautiful moments anytime, anywhere. This Pocket 3 silicone case provides comprehensive protection for all camera accessories. Xtra Muse Users Please Note: The microphone cover is only compatible with the Pocket 3 original microphone","Premium Materials: Made from premium eco-friendly silicone material, odor-free, lightweight and portable, with a comfortable grip and vibrant colors to enhance your camera and brighten your mood. Protect your Osmo Pocket 3 or Xtra Muse camera from scratches, damage, and dirt. This silicone case is extremely lightweight at just 45 grams, adding no extra burden to your camera","Perfect Fit: Custom designed for DJI Osmo Pocket 3 / Xtra Muse camera, All buttons on the Osmo Pocket 3 / Xtra Muse camera function normally, Does not obstruct the screen, lanyard hole, joystick, microphone and windshield installation, tripod mount, or other Osmo Pocket 3 external accessories. This protective case fits the Pocket 3 / Xtra Muse perfectly without any interference","Supports Expansion: This Osmo Pocket 3 / Xtra Muse camera silicone case features a compact design that easily fits into a pocket, camera bag, or suitcase. but it also not affect compatibility with other Osmo Pocket 3 / Xtra Muse accessories to. Meet all your photography needs","Packaging and Professional Support: Pocket 3/Xtra Muse Camera Body Protector Case*1, Lens Protector*2, Screen Protector*2, 1/4 Thread Handle Protector*1, Battery Handle Protector*1, MIC Protector*1, Anti-lost Rope*1. This Pocket 3 silicone case can provide fully protection for every accessory of the camera. (NOT include camera and other accessories), Any concerns or questions about Pocket 3/Xtra Muse Case, please feel free to contact us",https://m.media-amazon.com/images/I/61LUqPMoooL._AC_SY355_.jpg,data/amazon_3c/bsr_new_releases/images/B0GCMDMH1X.jpg,https://www.amazon.com/dp/B0GCMDMH1X,,ok,ok,
New Releases,Electronics,Electronics > Accessories & Supplies > Accessories,Accessories,ref=zg_bsnr_nav_electronics_2_281407,https://www.amazon.com/gp/new-releases/electronics/2407755011/ref=zg_bsnr_nav_electronics_2_281407,B0GSD4KRC3,6,31,"Hybrid Active Noise Cancelling Headphones 120H Playtime Wireless Headphones Bluetooth 6.0 Over Ear Headphones with 6 ENC HD Call Mic, Hi-Res 360° Spatial Audio ANC Headphone for Travel Workout Black",Visit the bmani Store,$89.99,4.9,161,"4-Stage Noise Cancelling System: Wireless bluetooth headphones featuring a 4-layer hybrid Active Noise Cancelling architecture with four high-sensitivity microphones detect and analyze ambient sound in milliseconds. An ultra-fast ANC chip processes noise within 2ms, instantly blocking up to 95% of distractions with a maximum reduction of 45dB. With a light press, ANC headphones instantly bring you back to your own quiet space, whether on a crowded subway, busy flight, or bustling café.","120H All-Day Endurance and Comfort: The H1 Noise canceling headphones deliver up to 120 hours of listening on a single charge, while a 10-minute fast charge provides up to 3 hours of playback for travel, commuting, or multi-day use. Over ear headphones feature a pressure-relieving headband and slow-rebound memory foam ear cushions that evenly distribute weight for long-lasting wear, even during extended use.The indicator light remains solid red when fully charged.","6-Mic ENC Calls & AI-Enhanced Calls: Wireless headphones featuring 2 feedforward and 4 feedback microphones, the 6-mic array captures and identifies environmental sound at millisecond speed, reducing up to 95% of ambient noise for more comprehensive and natural noise cancellation. Noise cancelling headphones leveraging array collaboration and AI algorithm integration intelligently suppress traffic, wind, and crowd noise, ensuring face-to-face clarity even in busy streets, cafés, or open offices","Immersive Hi-Fi Sound & 360° Spatial Audio: Bluetooth headphones deliver balanced high-fidelity audio with deep bass, powered by 40mm dynamic drivers with composite diaphragms and total harmonic distortion below 3%. Built-in gyroscopes and accelerometers enable real-time head tracking, dynamically adjusting sound positioning to keep a stable 3D audio field. Enjoy theater-like immersion for movies, spacious music, and lifelike gameplay.","Bluetooth 6.0 & AUX Wired Mode: Over the ear headphones with advanced Bluetooth 6.0 connect up to 2× faster than standard Bluetooth, maintaining a stronger, more stable signal across phones, tablets, and computers to reduce dropouts. Prefer wired? Switch to the included 3.5mm AUX cable for lower latency and stable audio. Headphones wireless in AUX mode deliver high-fidelity sound, ideal for flights, travel, gaming, or studio work, seamlessly combining wireless freedom with wired precision.",https://m.media-amazon.com/images/I/71JkH7qTWtL._AC_SY355_.jpg,data/amazon_3c/bsr_new_releases/images/B0GSD4KRC3.jpg,https://www.amazon.com/dp/B0GSD4KRC3,,ok,ok,
New Releases,Electronics,Electronics > Accessories & Supplies > Cable Organizer Bags & Cases,Cable Organizer Bags & Cases,ref=zg_bsnr_nav_electronics_2_281407,https://www.amazon.com/gp/new-releases/electronics/290458/ref=zg_bsnr_nav_electronics_2_281407,B0GL147DCT,1,31,"FYY Travel Cable Organizer - 8 Compartments Lightweight Water Resistant Tech Pouch with Wrist Strap, Portable Electronic Accessories Case for Cord Charger Storage for Travel Home Office, Black (Small)",Visit the FYY Store,$14.39,4.7,46,"Ultra Lightweight Design: Only 3.53oz (100g) , 20% lighter than other tech pouch, light construction with wrist strap, free your hands while using phones, fits easily in handbags for on-the-go convenience​​. Stands upright steadily on desks or counters for easy access, preventing tipping and items from falling out","8 Precise Compartments: 2 main pockets + 1 zippered pouch + 3 elastic bands + 2 small pockets prevent tangling, keep cables, chargers, power banks, hard drives and gadgets organized for quick access​, ensuring you can grab what you need at a glance.","Large Capacity in Compact Size: 8.1x3x4.7 inches shell-shaped tech pouch holds all essentials without taking extra space—ideal for travel, business trips, daily use​ and outdoor adventures","Durable Water Resistant Material: Satin nylon exterior resists water and wear, shields your electronics from accidental spills, light rain, and moisture. Polyester fiber interior protects devices from scratches. Built-in soft sponge padding between the outer and inner layers provides a shock-absorbent buffer, protecting your fragile tech accessories from bumps, drops, and scratches during travel. Smooth zipper ensures hassle-free opening/closing​","Multi-purpose Storage: Beyond tech storage, it doubles as a travel pouch for toiletries, skincare, medications, or personal items, making it a must-have for minimalist travelers. Perfect for travelers, commuters, students and digital nomads in home, office or car",https://m.media-amazon.com/images/I/71HhetTKlrL._AC_SY355_.jpg,data/amazon_3c/bsr_new_releases/images/B0GL147DCT.jpg,https://www.amazon.com/dp/B0GL147DCT,,ok,ok,
New Releases,Electronics,Electronics > Accessories & Supplies > Cables,Cables,ref=zg_bsnr_nav_electronics_2_281407,https://www.amazon.com/gp/new-releases/electronics/12954861/ref=zg_bsnr_nav_electronics_2_281407,B0GKFLSHD4,1,31,"Invisible Holder Charger Cable, 240W PD Fast Charging Cable for Desk, USB-C to USB-C & USB to Light-ning Cable 4.9 FT with 360° Adjustable Metal Stand, 2 in 1 Holder Charger for Gaming, Office, Home",Visit the AltaMoment Store,$19.99,3.2,253,"【2-in-1 All-in-One Solution: Charging Cable with Stand for Every Device】This ultimate package combines three essentials into one neat product: 1) A sturdy, foldable phone stand, 2) A 240W USB-C to USB-C cable, and A 240W USB-C to Light-ning cable (each 4.9FT). It compatibility with Phone 17/16/15/14/13/12/11 series, Sams- ung Gala-xy S25/S24 Ultra, Goo-gle Pi-xel, and virtually all Type-C devices. This invisible holder charger cable with stand combo charging station for all your gadgets.","【Invisible Holder & Foldable Stand Design, Hands-Free Viewing】The unique built-in foldable stand easily props up your phone, transforming this invisible holder charger cable into a perfect viewing station in landscape or portrait mode. Enjoy hands-free watching, video calls, or browsing while charging. This charging cable with stand is portable and space-saving, designed for convenient use anywhere—on your desk, nightstand, or while traveling.","【90° Right-Angle Design & Flat Braided Cable】The 90° right-angle connector ensures a comfortable grip without blocking your hands during gaming. The flat, braided cable is flexible, tangle-free, and lies flat neatly on desks or bedsides. This thoughtful design makes the entire invisible holder charger unit exceptionally easy to store and manage.","【240W Super Fast Charging & 480Mbps Data Sync】Equipped with an advanced E-Marker chip, this powerful 240W stand data cable supports blazing-fast PD charging, capable of powering your iPhone 16 from 0 to 75% in just 25 minutes. Simultaneously, it offers 480Mbps high-speed data transfer, allowing for quick file syncing without unplugging. It’s far more than just a charging cable with stand—it’s a high-performance hub for power and data.","【Smart Safe Charging & Optimal Usage Tips】The E-Marker chip automatically identifies your device and delivers the optimal safe current, supporting various PD protocols (240W/100W/60W/27W). To get the most out of your invisible holder charger, open the stand in the direction of the arrow and ensure your phone case thickness is ≤ 0.08 inches for a secure, stable hold.",https://m.media-amazon.com/images/I/71j1KtAti1L._SX342_.jpg,data/amazon_3c/bsr_new_releases/images/B0GKFLSHD4.jpg,https://www.amazon.com/dp/B0GKFLSHD4,,ok,ok,
New Releases,Electronics,Electronics > Accessories & Supplies > Cord Management,Cord Management,ref=zg_bsnr_nav_electronics_2_281407,https://www.amazon.com/gp/new-releases/electronics/11042051/ref=zg_bsnr_nav_electronics_2_281407,B0G9J4P626,1,31,"100 PCS 8 Inches Reusable Cable Ties | Adjustable Cord Wraps, Cable Straps | Hook & Loop Cord Organizer, Cable Management | 5 Colors",Brand: QTBLY,$6.99,5.0,65,【100 PCS 8 IN】- 8 inches fit organizing most cables. 100 pieces are enough for daily use.,"【REUSABLE】- The wire ties are made of durable Nylon, and can be used multiple times.","【ADJUSTABLE】- These cable strips are easy to use, remove, and adjust when needed.","【MULTI-PURPOSE】- For indoor or outdoor use, including home, office, garage, and yard.",【SERVICE】- We specialize in hook & loop products. Please contact us with any inquiries.,https://m.media-amazon.com/images/I/81My6aW01OL._AC_SY355_.jpg,data/amazon_3c/bsr_new_releases/images/B0G9J4P626.jpg,https://www.amazon.com/dp/B0G9J4P626,,ok,ok,
New Releases,Electronics,Electronics > Accessories & Supplies > GPS System Accessories,GPS System Accessories,ref=zg_bsnr_nav_electronics_2_281407,https://www.amazon.com/gp/new-releases/electronics/559942/ref=zg_bsnr_nav_electronics_2_281407,B0GLXJM359,1,31,"for AirTag Keychain Holder（Professional Carabiner） Waterproof for Apple AirTag 1st & 2nd Gen,Anti-Scratch Protective Cover for Air Tags,air tagholder Key Chain for Kids,Pets Collar,Luggage,Bags",Visit the LandForce Store,$6.99,4.6,53,"Premium 304 Stainless Steel Lock & Durable TPU Material – Our Airtag holder features an upgraded 304 stainless steel lock for heavy-duty use, resisting bending or breaking. The flexible TPU material protects against drops, scratches, dust, and water, tested for 10-foot (3-meter) drop resistance. Perfect for Airtag keychain or Airtag case use.","Secure Reinforced Design for Apple Airtag (1st/2nd Gen) – Engineered with a reinforced structure to keep your Apple Airtag holder firmly in place, minimizing accidental loss. Ideal for backpacks, pet collars, keys, or luggage with zero signal interference for uninterrupted tracking.","Easy Twist-Lock Mechanism, No Tools Needed – Simply slide your Airtag in and twist to lock—no tools required. The Airtag keychain holder is easily removable for hassle-free use, making it a versatile Airtag holder keychain for daily needs.","Vibrant Color Options to Match Your Style – Choose from multiple colors (black, red, blue, pink, green,orange,etc.) to personalize your Apple Airtag keychain. Whether for travel, pets, or keys, our Airtag case blends functionality with fashion.","Lifetime Support & Ultra-Reliable Quality – Backed by 24/7 customer service, 365-day maintenance, and lifetime assistance, our Airtag holder meets the highest durability standards. A trusted Airtag key chain for long-term peace of mind.",https://m.media-amazon.com/images/I/61AqM5AjxQL._AC_SX342_.jpg,data/amazon_3c/bsr_new_releases/images/B0GLXJM359.jpg,https://www.amazon.com/dp/B0GLXJM359,,ok,ok,
New Releases,Electronics,Electronics > Accessories & Supplies > Installation Services,Installation Services,ref=zg_bsnr_nav_electronics_2_281407,https://www.amazon.com/gp/new-releases/electronics/2632817011/ref=zg_bsnr_nav_electronics_2_281407,B0DVBL912R,1,1,,,,4.8,,,,,,,,,https://www.amazon.com/dp/B0DVBL912R,,ok,ok,missing_title
New Releases,Electronics,Electronics > Accessories & Supplies > Microphones & Accessories,Microphones & Accessories,ref=zg_bsnr_nav_electronics_2_281407,https://www.amazon.com/gp/new-releases/electronics/11974521/ref=zg_bsnr_nav_electronics_2_281407,B0GR97WL5X,1,31,"Wireless Lavalier Microphone, 12H Lapel Microphone with Digital Display & Smart Noise Cancellation, Mini Clip On Mic for iPhone Android Type-C, Recording Mic for YouTube TikTok Vlog Podcast Interview",Brand: ChangeSky,$16.99,4.7,12,"CRYSTAL-CLEAR SMART NOISE CANCELLATION — DUAL-MIC AI CHIP WIPES OUT THE CHAOS — Filming in a busy cafe. Windy backyard. A house full of barking dogs and a screaming toddler. Our dual-mic array plus AI noise-cancel chip strips out up to 35dB of background roar while keeping your voice warm, natural and broadcast-ready — so viewers stop hitting skip and start hitting subscribe.","12-HOUR ALL-DAY BATTERY + 100FT NO-DROP TRANSMISSION — RECORD SUNUP TO SUNDOWN — Nothing kills a shoot like a dead mic ten minutes into your podcast, or a signal that cuts out the second you step away from your phone. Our 850mAh rechargeable battery delivers a full 12 hours on a single charge, and the 2.4GHz stable link stays locked at up to 100 feet — move, dance, wander the room, and come back to one clean take. Zero lag. Zero dropouts.","SMART DIGITAL DISPLAY — NEVER GUESS IF YOUR MIC IS CONNECTED AGAIN — You nailed a great take, then mid-edit you realize the mic never paired. We've all been there. Our upgraded wireless lavalier microphone comes with a full-color digital display showing live pairing status, signal strength and remaining battery in one glance — every record button you press is the one that actually works.","PLUG AND PLAY WITH TYPE-C — WORKS STRAIGHT OUT OF THE BOX — No apps to install. No Bluetooth menus to fight with. Plug the tiny Type-C receiver into your iPhone, Android phone, tablet or laptop and you're rolling in under two seconds. One button, one plug — that's it. Made for creators who would rather film their next vlog than read another pairing manual.","SUPER-SECURE METAL-SPRING CLIP + RESPONSIVE AFTER-SALES CARE — Our heavy-duty reinforced clip locks onto collars, lapels and even thin t-shirts without slipping mid-rant — walk, jump, dance, it stays put. And if anything ever goes sideways, our after-sales team replies fast from real humans, not bots — because we know one ruined shoot is one too many. Record bold, move free, sound studio-grade.",https://m.media-amazon.com/images/I/61B9jbNErtL._AC_SY355_.jpg,data/amazon_3c/bsr_new_releases/images/B0GR97WL5X.jpg,https://www.amazon.com/dp/B0GR97WL5X,,ok,ok,
New Releases,Electronics,Electronics > Accessories & Supplies > Mounts,Mounts,ref=zg_bsnr_nav_electronics_2_281407,https://www.amazon.com/gp/new-releases/electronics/10966911/ref=zg_bsnr_nav_electronics_2_281407,B0GD62FK3Z,1,31,"Perlegear Ultra Slim TV Wall Mount 1.1"" Low Profile for 42-90"" TVs, Fits 16""/24"" Studs, Full Motion TV Mount Wall Bracket with Dual Articulating Arms, Swivel, Tilt, Max VESA 600x400mm, Holds 132lbs",Visit the Perlegear Store,$79.99,4.9,28,"Universally Compatible: The ultra slim TV wall mount fits most 42”-90” LCD/LED/OLED TVs with VESA patterns 200x200 to 600x400mm. Supporting up to 132 lbs. The extendable wall plate is designed to accommodate wood studs from 16” to 24” apart, concrete, or brick walls (do not mount on drywall alone). The extendable design makes the position of the drilling hole more flexible, allowing you to easily center your TV perfectly on the wall.","Ultra Slim, Saves Space: This thin TV wall mount 75 inch brings your TV flush 1.1"" against the wall, making it ideal for ultra-thin TVs and recessed TV walls. It delivers a minimalist, space-saving look that seamlessly integrates into modern living rooms, bedrooms, kitchens and home theaters.","View From Any Angle: Adjust your TV with ease—this full motion TV mount features a tilt range of 5° up and 15° down to reduce glare, extends up to 15” from the wall, and swivels ±45° for flexible viewing. Customize your TV’s viewing angle for the best experience in any room layout. Level your screen +/-3° after installation to fine-tune the TV’s position.","Built for Stability: Made with heavy-duty steel, this 65 inch TV wall mount holds up to 132 lbs, ensuring a secure and stable position for your TV. Having passed a rigorous 4x max load test, this low-profile mount combines robust construction and articulating arms for unmatched safety and durability.","Quick & Easy Installation: The low profile TV mount 55 inch comes with clear instructions, a bubble level, drilling template and pre-labeled hardware bags for a hassle-free setup. Choose the correct mounting holes based on your TV’s VESA pattern for a perfect fit. For any questions, feel free to contact our US-based support team.",https://m.media-amazon.com/images/I/71oK41tMXTL._AC_SX355_.jpg,data/amazon_3c/bsr_new_releases/images/B0GD62FK3Z.jpg,https://www.amazon.com/dp/B0GD62FK3Z,,ok,ok,
New Releases,Electronics,Electronics > Accessories & Supplies > Office Electronics Accessories,Office Electronics Accessories,ref=zg_bsnr_nav_electronics_2_281407,https://www.amazon.com/gp/new-releases/electronics/172575/ref=zg_bsnr_nav_electronics_2_281407,B0GLTW1TZM,1,31,"HP 61 Tri-Color Ink Cartridge | Works with DeskJet 1000, 1510, 2050, 2510, 2540, 3000, 3050, 3510; Envy 4500, 5530; OfficeJet 2620, 4630 | C0PA5AN | Packaging May Vary",,$52.89,4.9,10,"HP Ink Cartridges are engineered to work with HP printers to provide consistent quality, reliability and value","This cartridge works with: HP DeskJet 1000, 1010, 1050, 1051, 1055, 1056, 1510, 1512, 2050, 2510, 2512, 2514, 2540, 2541, 2542, 2543, 2544, 2546, 2547, 2548, 2549, 3000, 3050, 3050A, 3051A, 3052A, 3054, 3054A, 3056A, 3510, 3511, 3512","This cartridge works with: HP ENVY 4500, 4501, 4502, 4504, 4505, 5530, 5531, 5532, 5534, 5535; HP OfficeJet 2620, 4630, 4632, 4635",Cartridge yield (approx.): 200 pages,"Trusted HP Printer Ink Cartridges for every printing need: Perfect for everyday home, office, and small business printing needs — choose HP 61 Ink Cartridges for reliable printing",https://m.media-amazon.com/images/I/71CRrtLOcbL._AC_SY355_.jpg,data/amazon_3c/bsr_new_releases/images/B0GLTW1TZM.jpg,https://www.amazon.com/dp/B0GLTW1TZM,,ok,ok,
New Releases,Electronics,Electronics > Accessories & Supplies > Power Strips & Surge Protectors,Power Strips & Surge Protectors,ref=zg_bsnr_nav_electronics_2_281407,https://www.amazon.com/gp/new-releases/electronics/17854127011/ref=zg_bsnr_nav_electronics_2_281407,B0FFGZH2S2,1,31,"Anker Nano Power Strip, Desk Clamp with 1500J Surge Protector, 5ft Extension Cord, 70W Max Gaming Desk Accessories, 6 AC, 2 USB A, 2 USB C, Home Office Essentials, Fit 0.6~1.8'' Tabletop Edge",,$69.99,4.8,92,"Dual-Zone 10-Port Layout: Features 6 AC outlets, 2 USB-C, and 2 USB-A ports, split into top and bottom zones to reduce clutter and simplify charging.","70W USB-C Fast Charging for Laptops: Power laptops, tablets, and more with a USB-C port that delivers up to 70W using GaN technology.","Charge More With Less Mess: Designed to replace bulky adapters and tangled cables, keeping your desk clean and organized. (Note: The power cord is 5 ft (152 cm) long, about the width of a standard queen-size bed.)","Stable for One-Hand Operation: The adjustable desk clamp holds securely, allowing you to plug or unplug devices with one hand without shifting.","Note: Not compatible with desk edges thinner than 0.6"" or thicker than 1.8"", curved edges, sloped edges (>45°), or desks without a clampable edge.",https://m.media-amazon.com/images/I/71cQC41LIfL._AC_SY355_.jpg,data/amazon_3c/bsr_new_releases/images/B0FFGZH2S2.jpg,https://www.amazon.com/dp/B0FFGZH2S2,,ok,ok,
New Releases,Electronics,Electronics > Accessories & Supplies > Telephone Accessories,Telephone Accessories,ref=zg_bsnr_nav_electronics_2_281407,https://www.amazon.com/gp/new-releases/electronics/172607/ref=zg_bsnr_nav_electronics_2_281407,B0G81C8Q16,1,31,"Yealink WH64 Workstation DECT Wireless Headset with 4"" Touch Screen,3x Noise Cancelling Mic, 606ft Range,All in One Workstation with Speaker,3x USB Hub Office Headset for Desk Phone,Computer,Cellphone",Visit the Yealink Store,$219.99,5.0,4,"All-in-one UC Workstation: Yealink WH64 workstation integrates 3x USB hub, 53mm HD hands-free speakerphone, 4 inch touch screen for call management. Work headset support multi-device connectivity and compatible with mainstream phones & UC platforms, ideal for various collaboration scenarios.","185m DECT & Bluetooth Wireless Technology: Dual mode hybrid wireless tech enabling flexible signal switching without a base, supports connect 3-devices (IP phone, PC, mobile phone) simultaneously. Bluetooth wireless headset with 32H talk time enabling dual connectivity for flexible working styles all day long. DECT tech delivers ultra long up to 606ft/185m wireless range, 128bit higher call security&density,greater anti-interference, is the best choice for open office/hybrid worker.","3x Noise Cancelling Headset: 3x AI powered noise cancellation mic and Acoustic Shield Tech 2.0,auto-block background noise. Eliminates interference from various sources, allowing effective communication in busy offices or noisy open work environments when use bluetooth headset with microphone.","All Day Wearing Comfort: Ergonomic earcup design with soft ear cushion and adjustable pressure-relieving headband ensuring a perfect fit and all-day comfort. One-click to join meetings, visual both sides busylight office phone headset ensures you stay focused on your conversation without interruptions.","Desk Phone Compatible List: Connect via USB Cable, Yealink:T53W/T54W/T57W/T58W/T58; T30P/T31/T31G/T33G/T34W; T41S/T41U/T42S/T42U/T43U/T46S/T46U/T48S/T48U/T48G; T73U/T73W/T74U/T74W; MP52/54/56/58; VP59; T67 LITE, etc. 3-Party Phone: VVX301/311/350/400/401/411/600/601; J139/J179/J189; GXP1628/1760W/1728/2135/2170; GRP2602/2612/2624; X5S/X7A/X7C/X4U/X5U/X6U,etc.",https://m.media-amazon.com/images/I/61h-L4whsHL._AC_SY355_.jpg,data/amazon_3c/bsr_new_releases/images/B0G81C8Q16.jpg,https://www.amazon.com/dp/B0G81C8Q16,,ok,ok,
New Releases,Electronics,Electronics > Accessories & Supplies > Vehicle Electronics Accessories,Vehicle Electronics Accessories,ref=zg_bsnr_nav_electronics_2_281407,https://www.amazon.com/gp/new-releases/electronics/10981291/ref=zg_bsnr_nav_electronics_2_281407,B0GWMFSZWX,1,31,"Teeran 2 in 1 Wireless CarPlay and Android Auto Adapter, Easy Setup Plug and Play, Fast Seamless Use Supports 1000+ Car's with Built-in Wired Car Play/Android Auto, Compact Sleek Design Car Adapter",Visit the Teeran Store,$29.99,4.6,260,"🔄 Upgrade to Wireless CarPlay & Android Auto The 2 in 1 Wireless CarPlay and Android Auto Adapter converts your factory wired system into a wireless experience. It’s perfect for families using both iPhone and Android phones, allowing effortless switching without unplugging or swapping cables. This adapter is compatible with over 1,000 vehicle models—supporting 800+ with wired CarPlay and 500+ with wired Android Auto. Works with iPhone 6 or later and Android 11 or above.","⚡ Fast Easy Setup & Auto Reconnection No app or setup required. Just pair once via Bluetooth and enjoy automatic reconnection in under 3 seconds every time you drive. Powered by advanced 2.4GHz + 5GHz dual-band chips, this 2 in 1 Car Play Adapter connects up to 30% faster than other models—your maps, music, and calls are ready almost instantly.","📱 OEM-Level Wireless Performance & Vehicle Control Our car adapter maintain the full functionality and preserves the seamless experience of your original CarPlay or Android Auto system—including Apple & Google Maps, Spotify, Siri, and Voice Assistant—while supporting all factory controls such as touchscreen, steering wheel buttons, rotary knobs, and voice commands.","📏 Ultra-Compact & Flush-Fit – Clean Look, No Clutter Teeran Android Auto & CarPlay wirelss adapter over 50% smaller than other adapters, the tapered design plugs in tightly and sits flush with the USB port. Once installed, the device is nearly invisible—no dangling wires, no bulky clutter, no loose connections. Includes both USB-A and USB-C extension cables to fit hidden or angled ports in any car layout.","🌡 Smarter & Safer – Built for Real-World Driving Designed to handle everyday use, this Android CarPlay adapter offers efficient heat dissipation vents and is certified to operate between -20°C to 70°C. Built-in protection prevents overheating, short circuits, and voltage surges—no more worrying about performance or safety on long summer drives. Tested for vibration resistance to ensure stable performance on bumpy roads.",https://m.media-amazon.com/images/I/61f5OMHxCrL._AC_SY355_.jpg,data/amazon_3c/bsr_new_releases/images/B0GWMFSZWX.jpg,https://www.amazon.com/dp/B0GWMFSZWX,,ok,ok,
New Releases,Electronics,Electronics > Camera & Photo > Electronics,Electronics,ref=zg_bsnr_unv_electronics_1_502394_1,https://www.amazon.com/gp/new-releases/electronics/ref=zg_bsnr_unv_electronics_1_502394_1,B0GQVPX1PJ,6,31,"Apple iPad Air 11-inch (M4): Liquid Retina Display, 128GB, 12MP Front/Back Camera, Wi-Fi 7 with Apple N1, Touch ID, All-Day Battery Life — Space Gray",Visit the Apple Store,$519.99,4.8,293,"WHY IPAD AIR — iPad Air with the Apple M4 chip packs even more performance into a beautiful design, and it comes in two portable sizes. It features Apple Intelligence* along with a stunning Liquid Retina display, Touch ID, advanced cameras, and Wi-Fi 7.*","PERFORMANCE AND STORAGE — The M4 chip delivers advanced graphics and incredible performance for smooth multitasking and complex AI tasks. And with all-day battery life, you can keep working and playing wherever you go.* Choose up to 1TB of storage for apps, music, movies, and more.*","IPADOS + APPS — Run apps and get more done with the game-changing capabilities and intuitive design of iPadOS. The flexible windowing system lets you control, organize, and manage your workflows like never before.","APPLE INTELLIGENCE — Apple Intelligence is the personal intelligence system that helps you create, communicate, and get things done effortlessly with groundbreaking privacy protections at every step.*","11-INCH LIQUID RETINA DISPLAY — The gorgeous Liquid Retina display features advanced technologies like P3 wide color, True Tone, and ultralow reflectivity, which make everything look stunning.*",https://m.media-amazon.com/images/I/71oepHm9ALL._AC_SX342_.jpg,data/amazon_3c/bsr_new_releases/images/B0GQVPX1PJ.jpg,https://www.amazon.com/dp/B0GQVPX1PJ,,ok,ok,
New Releases,Electronics,Electronics > Camera & Photo > Accessories,Accessories,ref=zg_bsnr_nav_electronics_2_502394,https://www.amazon.com/gp/new-releases/electronics/172435/ref=zg_bsnr_nav_electronics_2_502394,B0GL9L4L9P,3,31,"Micro SD Card 32GB High-Speed Performance (90MB/s Read, 25MB/s Write), Compatible with DSLR, Drone, Action Camera & Portable Devices（1 microSD Card +1 Adapter）",Brand: Cloudeck,$14.99,4.9,17,"High-Speed Measured Performance Laboratory-tested sequential read/write speeds up to 90MB/s and 25MB/s, supporting continuous 4K video recording. Performance may vary based on host device capabilities.",Rugged Design for Demanding Environments Engineered with triple-layer protection (temperature extremes/water immersion/mechanical shock).,"Enhanced File Transfer Efficiency Reduced file transfer times by 65% vs. baseline microSD cards in real-world tests. Optimized for burst photography, HD video editing, and rapid app loading on compatible devices.","Broad Device Compatibility Functions with microSD-enabled electronics including Android devices, dash cams, and handheld systems.","US-Focused Support Commitment 1-year product reliability assurance . Note: Warranty covers manufacturing defects, not performance degradation over time.",https://m.media-amazon.com/images/I/51A+PXlyr-L._AC_SX355_.jpg,data/amazon_3c/bsr_new_releases/images/B0GL9L4L9P.jpg,https://www.amazon.com/dp/B0GL9L4L9P,,ok,ok,
New Releases,Electronics,Electronics > Camera & Photo > Bags & Cases,Bags & Cases,ref=zg_bsnr_nav_electronics_2_502394,https://www.amazon.com/gp/new-releases/electronics/172437/ref=zg_bsnr_nav_electronics_2_502394,B0GD1GSYJL,3,31,"BAGSMART 2 in 1 Puffy Camera Sling Bag Small Camera Shoulder Bag DSLR/SLR/Mirrorless Crossbody Photography Camera Case for Photographers, Beige",Visit the BAGSMART Store,$24.99,4.5,43,"Ultra-Compact & Lightweight: Designed for mobility. Measuring just 9.84 x 4.13 x 5.51 inches and weight only 0.42lbs, this small camera sling bag fits snugly without bulk. Perfect for travel and daily. 𝐏𝐒: 𝐑𝐞𝐟𝐞𝐫𝐞𝐧𝐜𝐞 𝐒𝐢𝐳𝐞: 𝐂𝐚𝐦𝐞𝐫𝐚 𝐒𝐢𝐳𝐞: 𝟓.𝟗𝟖×𝟒.𝟓𝟖×𝟑 𝐢𝐧 (𝟏𝟓𝟐×𝟏𝟏𝟔.𝟒×𝟕𝟔.𝟒𝐦𝐦), 𝐋𝐞𝐧𝐬 𝐒𝐢𝐳𝐞: 𝟑.𝟒𝟖×𝟒.𝟗𝟒 𝐢𝐧 (𝟖𝟖.𝟓×𝟏𝟐𝟓.𝟕𝐦𝐦)","2-in-1 & Customizable Interior: Features 1 removable divider to customize space. Use it to secure a DSLR/mirrorless with an extra lens, or remove it as a stylish everyday crossbody bag for everyday essentials like a phone. One bag, endless uses. PS: To better meet space requirements, please detach the lens from the camera body and place them separately when storing the camera","Multi Pocket Design: Stay organized with dedicated storage. Beyond the main compartment, this small camera bag features thoughtfully designed multi-layer storage. A quick-access front pocket for accessories, plus a secure hidden zipper pocket for your phone, passport, or wallet. Grab your small items without digging","Reliable Gear Protection: Puffy camera shoulder bag is crafted from water-repellent nylon with a soft, anti-scratch interior lining. Shields your camera gear from bumps and shock, keeping your equipment safe on the go","Adjustable Strap: Strap adjusts smoothly from 11 to 24 inches. Wear as a shoulder bag or cross body bag. Customizes easily for a perfect fit with any outfit or season, ideal for travel, outdoor activities, and daily carry",https://m.media-amazon.com/images/I/71JqWnwjO0L._AC_SY355_.jpg,data/amazon_3c/bsr_new_releases/images/B0GD1GSYJL.jpg,https://www.amazon.com/dp/B0GD1GSYJL,,ok,ok,
New Releases,Electronics,Electronics > Camera & Photo > Binoculars & Scopes,Binoculars & Scopes,ref=zg_bsnr_nav_electronics_2_502394,https://www.amazon.com/gp/new-releases/electronics/499320/ref=zg_bsnr_nav_electronics_2_502394,B0GRYZ8P6D,3,31,"15x52 High Power Binoculars for Adults, HD Bird Watching Binoculars with BAK4 Prism FMC Lens, Waterproof & Fogproof, Lightweight Outdoor Gear for Hiking, Hunting, Stargazing, Travel & Sports Events",Visit the Sogries Store,$49.99,4.8,26,"【15x High-Powered Precision】 Experience nature’s intricate details with 15x magnification, delivering razor-sharp clarity for long-distance viewing. Whether you are observing wildlife or tracking a target, these binoculars provide a professional-grade experience that bridges the gap between distance and discovery.","【Brilliant 52mm Large Eyepiece】 Engineered with a superior 52mm objective lens and BAK4 prism technology, these binoculars capture more light for unmatched color accuracy and brightness. The fully multi-coated lenses ensure crisp, vivid visuals even during low-light conditions at dawn or dusk.","【Ergonomic Fit for All Users】 Designed with adjustable, twist-down rubber eyecups, these binoculars offer a comfortable viewing experience for both glasses wearers and non-wearers. The ergonomic, lightweight build minimizes eye strain during extended use, making them ideal for long hunting trips or stadium events.","【Rugged All-Weather Durability】 Built to withstand the elements, these binoculars feature advanced waterproof protection and nitrogen-purged fog-proof construction. From rainy camping expeditions to snowy sports events, your gear remains reliable, stable, and ready for any outdoor challenge.","【Versatile Companion for Every Adventure】 A must-have tool for your next outing, these binoculars excel in diverse environments—from bird watching and hiking to concerts, archery, and boating. Their comprehensive performance and included accessories make them the perfect optical solution for family travelers and outdoor enthusiasts",https://m.media-amazon.com/images/I/611ZNzPM5SL._AC_SY355_.jpg,data/amazon_3c/bsr_new_releases/images/B0GRYZ8P6D.jpg,https://www.amazon.com/dp/B0GRYZ8P6D,,ok,ok,
New Releases,Electronics,Electronics > Camera & Photo > Digital Cameras,Digital Cameras,ref=zg_bsnr_nav_electronics_2_502394,https://www.amazon.com/gp/new-releases/electronics/281052/ref=zg_bsnr_nav_electronics_2_502394,B0GTQ6L31Y,2,31,"Mini Keychain Digital Camera:2K Digital Mini Camera with 16GB Card, Vintage Keychain Camera with 270° Rotating Lens, 400mAh Battery Portable Small Cameras with Elegant Gift Box for Travel,Kids,Gifts",Visit the AUCAKU Store,$31.99,4.2,14,"【Note】Screen comes with a protective film. Scratches on the film are normal. Please peel it off before use. Perfect for casual fun, this pocket-sized keychain camera creates authentic retro photos — not designed for professional photography.","【2K Ultra HD Mini Digital Camera】This mini digital camera captures smooth 2K video and vibrant photos in a compact body. Designed as a fun yet practical tiny camera, it features a built-in 1-inch screen for instant playback.Ideal as a pocket camera for travel, daily life, or casual memory keeping—simple, joyful, and easy to use.","【Upgraded 270° Rotating Lens】Mini digital camera equipped with a flexible 270° rotating lens, this mini camera lets you easily switch between front and rear shooting. Clip or position it anywhere to capture the perfect angle—ideal for selfies, POV shots, and creative perspectives on the go.","【21 Creative Filters & 16GB Storage】Explore 21 built-in filters to add style and personality to your photos and videos. From retro tones to fun effects. FREE 16GB memory card, allowing you to store plenty of photos and 2K videos right out of the box. Supports expansion up to 128GB, so you can capture more without constantly deleting files. A smart upgrade over fixed-storage tiny cameras and ideal for kids or beginners.","【Portable Keychain Cameras】Stand out with a unique mini camera that blends playful design with retro style. More than just a kids camera, it’s also a collectible camera that looks great on desks or shelves. A fun conversation piece for teens, photography lovers, and anyone who enjoys cute cameras with personality.",https://m.media-amazon.com/images/I/81bYeeIElnL._AC_SY355_.jpg,data/amazon_3c/bsr_new_releases/images/B0GTQ6L31Y.jpg,https://www.amazon.com/dp/B0GTQ6L31Y,,ok,ok,
